filename,label
face_0.png,1
face_1.png,4
face_2.png,4
face_3.png,4
face_4.png,4
face_5.png,5
face_6.png,1
face_7.png,4
face_8.png,4
face_9.png,4
face_11.png,1
face_12.png,4
face_13.png,2
face_14.png,4
face_15.png,4
face_16.png,1
face_18.png,4
face_19.png,4
face_20.png,4
face_21.png,4
face_22.png,2
face_24.png,1
face_25.png,1
face_26.png,5
face_28.png,4
face_29.png,1
face_30.png,4
face_31.png,1
face_32.png,4
face_33.png,1
face_34.png,1
face_35.png,4
face_36.png,5
face_37.png,4
face_38.png,4
face_39.png,1
face_40.png,4
face_41.png,1
face_42.png,4
face_43.png,4
face_45.png,4
face_47.png,4
face_48.png,4
face_49.png,1
face_50.png,4
face_51.png,1
face_52.png,4
face_54.png,1
face_55.png,4
face_56.png,4
face_57.png,4
face_58.png,1
face_59.png,2
face_61.png,2
face_62.png,1
face_63.png,4
face_64.png,4
face_65.png,1
face_66.png,1
face_67.png,4
face_69.png,1
face_70.png,5
face_71.png,2
face_72.png,1
face_73.png,2
face_76.png,1
face_77.png,4
face_78.png,1
face_80.png,1
face_81.png,2
face_82.png,4
face_83.png,1
face_84.png,5
face_85.png,4
face_86.png,4
face_87.png,5
face_88.png,1
face_89.png,4
face_90.png,4
face_91.png,1
face_92.png,1
face_93.png,5
face_94.png,1
face_95.png,1
face_96.png,1
face_97.png,5
face_98.png,4
face_99.png,4
face_100.png,1
face_101.png,2
face_102.png,4
face_103.png,4
face_104.png,1
face_105.png,4
face_106.png,2
face_107.png,5
face_108.png,1
face_110.png,1
face_111.png,4
face_112.png,4
face_114.png,1
face_115.png,2
face_116.png,2
face_117.png,4
face_118.png,4
face_119.png,4
face_121.png,2
face_122.png,4
face_123.png,1
face_125.png,1
face_126.png,4
face_127.png,1
face_128.png,1
face_129.png,4
face_130.png,4
face_131.png,4
face_132.png,4
face_133.png,4
face_134.png,4
face_135.png,4
face_136.png,4
face_137.png,2
face_138.png,2
face_139.png,1
face_140.png,4
face_141.png,4
face_142.png,4
face_143.png,4
face_144.png,1
face_145.png,4
face_146.png,4
face_147.png,1
face_148.png,1
face_149.png,4
face_150.png,4
face_151.png,2
face_152.png,1
face_153.png,4
face_154.png,4
face_156.png,4
face_157.png,4
face_158.png,1
face_159.png,2
face_160.png,4
face_161.png,1
face_162.png,4
face_163.png,4
face_164.png,0
face_166.png,4
face_167.png,1
face_168.png,1
face_169.png,1
face_170.png,4
face_171.png,1
face_172.png,4
face_173.png,5
face_174.png,5
face_175.png,5
face_176.png,4
face_177.png,4
face_178.png,4
face_179.png,4
face_180.png,1
face_181.png,1
face_182.png,1
face_183.png,5
face_184.png,4
face_185.png,4
face_186.png,1
face_187.png,1
face_189.png,1
face_190.png,5
face_193.png,1
face_194.png,5
face_195.png,1
face_196.png,2
face_197.png,1
face_198.png,4
face_199.png,1
face_200.png,4
face_201.png,4
face_202.png,1
face_204.png,4
face_205.png,1
face_206.png,4
face_207.png,1
face_208.png,1
face_210.png,2
face_212.png,1
face_213.png,4
face_214.png,4
face_215.png,2
face_216.png,1
face_217.png,5
face_218.png,1
face_219.png,2
face_220.png,1
face_221.png,1
face_222.png,1
face_223.png,1
face_225.png,4
face_226.png,4
face_227.png,1
face_229.png,5
face_230.png,4
face_231.png,5
face_232.png,1
face_233.png,4
face_234.png,1
face_235.png,1
face_236.png,4
face_239.png,4
face_240.png,4
face_241.png,5
face_242.png,1
face_243.png,1
face_244.png,2
face_247.png,5
face_248.png,1
face_249.png,2
face_250.png,5
face_251.png,1
face_252.png,2
face_253.png,1
face_254.png,1
face_255.png,1
face_256.png,2
face_257.png,1
face_258.png,4
face_259.png,1
face_260.png,5
face_261.png,4
face_262.png,4
face_263.png,4
face_264.png,1
face_265.png,1
face_266.png,5
face_269.png,4
face_270.png,4
face_271.png,4
face_273.png,1
face_274.png,4
face_275.png,4
face_276.png,4
face_277.png,4
face_279.png,2
face_280.png,1
face_281.png,4
face_282.png,4
face_283.png,4
face_285.png,4
face_287.png,4
face_288.png,4
face_289.png,0
face_290.png,1
face_292.png,4
face_293.png,5
face_294.png,2
face_295.png,4
face_296.png,4
face_297.png,4
face_298.png,1
face_299.png,1
face_300.png,0
face_301.png,4
face_302.png,1
face_303.png,4
face_304.png,2
face_305.png,4
face_306.png,1
face_307.png,2
face_308.png,4
face_309.png,2
face_310.png,2
face_311.png,0
face_313.png,4
face_314.png,0
face_315.png,2
face_316.png,4
face_317.png,1
face_318.png,1
face_319.png,4
face_320.png,1
face_321.png,4
face_322.png,4
face_323.png,4
face_325.png,4
face_327.png,4
face_328.png,4
face_330.png,1
face_331.png,1
face_333.png,2
face_334.png,4
face_335.png,4
face_337.png,2
face_338.png,1
face_339.png,1
face_340.png,4
face_343.png,4
face_344.png,1
face_345.png,4
face_346.png,2
face_348.png,2
face_349.png,1
face_351.png,4
face_352.png,4
face_353.png,4
face_354.png,4
face_355.png,4
face_356.png,1
face_357.png,1
face_358.png,1
face_359.png,1
face_360.png,5
face_361.png,4
face_362.png,2
face_363.png,4
face_364.png,4
face_365.png,1
face_366.png,5
face_367.png,2
face_368.png,4
face_369.png,1
face_370.png,0
face_371.png,4
face_372.png,4
face_373.png,1
face_374.png,2
face_375.png,1
face_376.png,4
face_377.png,1
face_378.png,1
face_379.png,0
face_380.png,1
face_381.png,4
face_383.png,1
face_384.png,5
face_386.png,1
face_387.png,4
face_388.png,2
face_389.png,1
face_390.png,4
face_391.png,4
face_392.png,1
face_393.png,4
face_394.png,1
face_395.png,2
face_397.png,4
face_398.png,2
face_400.png,4
face_401.png,1
face_402.png,1
face_404.png,4
face_405.png,1
face_407.png,4
face_408.png,1
face_409.png,1
face_410.png,1
face_411.png,4
face_412.png,4
face_413.png,4
face_414.png,4
face_416.png,4
face_417.png,4
face_418.png,4
face_419.png,4
face_420.png,4
face_421.png,4
face_423.png,4
face_424.png,5
face_425.png,1
face_426.png,5
face_427.png,1
face_428.png,2
face_429.png,4
face_430.png,4
face_431.png,5
face_432.png,4
face_433.png,1
face_435.png,4
face_436.png,4
face_437.png,4
face_439.png,4
face_440.png,4
face_441.png,4
face_442.png,4
face_443.png,4
face_444.png,4
face_445.png,4
face_446.png,4
face_447.png,1
face_448.png,4
face_449.png,4
face_451.png,4
face_452.png,1
face_453.png,4
face_454.png,2
face_456.png,4
face_458.png,2
face_459.png,4
face_461.png,5
face_462.png,1
face_463.png,5
face_464.png,4
face_465.png,4
face_466.png,1
face_467.png,4
face_468.png,2
face_470.png,2
face_471.png,4
face_472.png,1
face_473.png,4
face_474.png,4
face_475.png,4
face_476.png,4
face_477.png,1
face_478.png,1
face_479.png,2
face_480.png,5
face_481.png,4
face_482.png,1
face_483.png,1
face_484.png,5
face_485.png,4
face_486.png,2
face_487.png,1
face_488.png,1
face_489.png,1
face_490.png,4
face_491.png,2
face_492.png,5
face_493.png,4
face_494.png,4
face_495.png,4
face_496.png,1
face_497.png,4
face_498.png,1
face_499.png,1
face_501.png,4
face_502.png,1
face_503.png,4
face_504.png,4
face_505.png,5
face_506.png,4
face_507.png,4
face_508.png,1
face_509.png,1
face_510.png,1
face_511.png,4
face_512.png,0
face_513.png,5
face_515.png,1
face_516.png,1
face_517.png,1
face_518.png,4
face_519.png,4
face_520.png,1
face_521.png,4
face_522.png,4
face_523.png,1
face_524.png,4
face_525.png,0
face_527.png,4
face_528.png,4
face_529.png,4
face_530.png,1
face_531.png,4
face_533.png,1
face_534.png,4
face_535.png,4
face_536.png,5
face_537.png,1
face_538.png,1
face_539.png,1
face_540.png,2
face_541.png,1
face_542.png,1
face_545.png,1
face_546.png,1
face_547.png,1
face_548.png,4
face_549.png,4
face_550.png,1
face_551.png,5
face_552.png,4
face_553.png,4
face_554.png,2
face_555.png,1
face_556.png,1
face_557.png,1
face_559.png,0
face_560.png,4
face_561.png,4
face_564.png,1
face_566.png,4
face_567.png,0
face_568.png,1
face_571.png,5
face_572.png,4
face_573.png,5
face_575.png,2
face_576.png,4
face_577.png,5
face_578.png,4
face_579.png,4
face_580.png,1
face_581.png,1
face_582.png,1
face_583.png,1
face_584.png,1
face_585.png,4
face_586.png,1
face_587.png,4
face_588.png,1
face_589.png,2
face_590.png,4
face_591.png,2
face_592.png,1
face_593.png,2
face_594.png,0
face_595.png,4
face_596.png,4
face_597.png,1
face_598.png,0
face_599.png,5
face_600.png,1
face_601.png,5
face_602.png,4
face_603.png,2
face_604.png,2
face_605.png,4
face_606.png,4
face_607.png,4
face_608.png,1
face_609.png,4
face_610.png,5
face_611.png,4
face_612.png,4
face_613.png,1
face_614.png,4
face_615.png,4
face_616.png,4
face_617.png,4
face_618.png,4
face_619.png,4
face_620.png,4
face_621.png,5
face_622.png,5
face_623.png,1
face_624.png,1
face_625.png,2
face_626.png,4
face_627.png,4
face_628.png,1
face_629.png,4
face_630.png,4
face_631.png,4
face_632.png,4
face_633.png,1
face_635.png,4
face_636.png,4
face_637.png,5
face_638.png,1
face_640.png,2
face_641.png,1
face_643.png,1
face_644.png,2
face_645.png,4
face_647.png,4
face_648.png,1
face_650.png,1
face_651.png,2
face_652.png,4
face_653.png,1
face_655.png,5
face_656.png,4
face_657.png,1
face_658.png,2
face_659.png,4
face_660.png,1
face_661.png,1
face_662.png,4
face_663.png,4
face_664.png,1
face_665.png,4
face_666.png,1
face_667.png,4
face_668.png,1
face_669.png,1
face_670.png,1
face_672.png,2
face_673.png,1
face_674.png,1
face_675.png,5
face_677.png,2
face_679.png,5
face_680.png,4
face_681.png,4
face_682.png,1
face_683.png,4
face_684.png,1
face_685.png,5
face_686.png,4
face_687.png,4
face_688.png,4
face_690.png,1
face_691.png,4
face_692.png,4
face_693.png,4
face_694.png,1
face_696.png,1
face_697.png,1
face_698.png,4
face_699.png,4
face_700.png,4
face_701.png,1
face_702.png,4
face_703.png,5
face_704.png,4
face_705.png,1
face_706.png,4
face_708.png,2
face_710.png,4
face_712.png,4
face_713.png,4
face_714.png,1
face_715.png,4
face_717.png,1
face_719.png,4
face_720.png,5
face_721.png,2
face_722.png,4
face_723.png,1
face_724.png,1
face_725.png,2
face_726.png,4
face_727.png,4
face_728.png,5
face_729.png,4
face_730.png,4
face_731.png,4
face_732.png,4
face_733.png,2
face_734.png,1
face_735.png,1
face_736.png,1
face_737.png,1
face_738.png,2
face_739.png,1
face_740.png,4
face_741.png,5
face_742.png,4
face_743.png,4
face_744.png,4
face_745.png,4
face_746.png,1
face_747.png,5
face_748.png,2
face_750.png,0
face_751.png,5
face_752.png,1
face_754.png,4
face_755.png,4
face_756.png,4
face_757.png,2
face_758.png,4
face_759.png,1
face_760.png,1
face_762.png,1
face_764.png,4
face_765.png,1
face_767.png,1
face_768.png,2
face_769.png,1
face_770.png,4
face_771.png,2
face_773.png,4
face_774.png,4
face_775.png,1
face_776.png,1
face_777.png,1
face_778.png,4
face_780.png,5
face_781.png,1
face_782.png,4
face_783.png,4
face_784.png,4
face_785.png,4
face_786.png,1
face_788.png,1
face_789.png,4
face_790.png,2
face_791.png,0
face_792.png,0
face_793.png,5
face_794.png,2
face_795.png,4
face_796.png,4
face_797.png,4
face_798.png,0
face_799.png,1
face_800.png,4
face_801.png,4
face_802.png,4
face_803.png,4
face_804.png,4
face_805.png,4
face_806.png,4
face_807.png,4
face_808.png,4
face_809.png,2
face_810.png,4
face_811.png,1
face_812.png,4
face_813.png,4
face_814.png,4
face_815.png,2
face_816.png,2
face_818.png,4
face_819.png,4
face_820.png,5
face_821.png,1
face_822.png,1
face_823.png,2
face_824.png,4
face_825.png,1
face_826.png,4
face_827.png,4
face_828.png,4
face_829.png,4
face_830.png,2
face_832.png,2
face_833.png,4
face_834.png,1
face_836.png,4
face_837.png,5
face_838.png,1
face_839.png,4
face_840.png,4
face_841.png,1
face_842.png,1
face_843.png,4
face_844.png,4
face_845.png,4
face_846.png,1
face_847.png,4
face_848.png,4
face_849.png,4
face_850.png,1
face_851.png,1
face_852.png,4
face_853.png,4
face_855.png,1
face_856.png,1
face_858.png,4
face_859.png,4
face_860.png,1
face_861.png,5
face_862.png,1
face_863.png,4
face_864.png,4
face_865.png,4
face_866.png,4
face_867.png,5
face_868.png,1
face_869.png,1
face_870.png,4
face_871.png,2
face_872.png,2
face_873.png,2
face_874.png,5
face_876.png,4
face_877.png,2
face_878.png,4
face_879.png,2
face_880.png,2
face_881.png,1
face_883.png,4
face_885.png,1
face_886.png,4
face_887.png,2
face_888.png,4
face_889.png,4
face_890.png,2
face_891.png,4
face_892.png,4
face_893.png,1
face_894.png,4
face_895.png,4
face_896.png,5
face_897.png,2
face_898.png,2
face_899.png,1
face_900.png,4
face_901.png,4
face_902.png,1
face_903.png,4
face_905.png,4
face_906.png,2
face_907.png,4
face_908.png,4
face_909.png,5
face_910.png,4
face_911.png,4
face_912.png,1
face_914.png,2
face_915.png,2
face_916.png,4
face_917.png,5
face_918.png,5
face_920.png,4
face_921.png,1
face_922.png,4
face_923.png,1
face_925.png,4
face_926.png,4
face_927.png,4
face_928.png,1
face_929.png,4
face_930.png,1
face_931.png,4
face_932.png,1
face_933.png,4
face_934.png,5
face_935.png,1
face_937.png,4
face_938.png,4
face_939.png,1
face_940.png,2
face_941.png,4
face_942.png,5
face_944.png,4
face_945.png,1
face_946.png,1
face_947.png,1
face_948.png,4
face_949.png,1
face_950.png,1
face_951.png,4
face_952.png,4
face_953.png,1
face_954.png,0
face_955.png,1
face_956.png,5
face_957.png,1
face_958.png,2
face_959.png,4
face_960.png,1
face_962.png,1
face_963.png,4
face_964.png,4
face_965.png,1
face_966.png,4
face_967.png,4
face_968.png,4
face_969.png,1
face_970.png,4
face_971.png,4
face_972.png,4
face_973.png,4
face_974.png,4
face_975.png,1
face_976.png,4
face_977.png,1
face_978.png,4
face_979.png,4
face_980.png,4
face_981.png,5
face_983.png,4
face_985.png,0
face_986.png,1
face_987.png,2
face_988.png,4
face_989.png,1
face_990.png,4
face_991.png,1
face_992.png,4
face_993.png,4
face_994.png,4
face_996.png,1
face_997.png,1
face_998.png,2
face_999.png,1
face_1000.png,1
face_1001.png,1
face_1002.png,4
face_1003.png,1
face_1004.png,4
face_1005.png,4
face_1006.png,1
face_1008.png,4
face_1009.png,2
face_1010.png,4
face_1011.png,4
face_1013.png,5
face_1014.png,4
face_1015.png,4
face_1016.png,2
face_1021.png,4
face_1022.png,1
face_1023.png,4
face_1025.png,4
face_1027.png,2
face_1028.png,1
face_1029.png,4
face_1030.png,1
face_1031.png,1
face_1032.png,1
face_1033.png,4
face_1034.png,1
face_1035.png,4
face_1036.png,4
face_1037.png,4
face_1039.png,2
face_1040.png,1
face_1041.png,4
face_1042.png,1
face_1043.png,1
face_1044.png,4
face_1045.png,1
face_1046.png,4
face_1047.png,1
face_1050.png,4
face_1051.png,4
face_1052.png,4
face_1053.png,4
face_1055.png,2
face_1056.png,2
face_1057.png,1
face_1059.png,2
face_1060.png,2
face_1061.png,4
face_1062.png,4
face_1063.png,1
face_1064.png,4
face_1065.png,4
face_1066.png,4
face_1067.png,5
face_1068.png,4
face_1069.png,4
face_1070.png,1
face_1072.png,4
face_1073.png,4
face_1074.png,4
face_1075.png,1
face_1076.png,4
face_1077.png,4
face_1078.png,4
face_1079.png,2
face_1080.png,2
face_1081.png,1
face_1082.png,4
face_1083.png,4
face_1084.png,2
face_1087.png,4
face_1088.png,4
face_1089.png,2
face_1090.png,5
face_1091.png,4
face_1093.png,1
face_1094.png,4
face_1095.png,5
face_1096.png,1
face_1097.png,4
face_1099.png,1
face_1100.png,5
face_1101.png,4
face_1102.png,1
face_1103.png,4
face_1104.png,4
face_1105.png,4
face_1107.png,4
face_1108.png,1
face_1109.png,1
face_1112.png,1
face_1113.png,4
face_1114.png,4
face_1115.png,1
face_1116.png,4
face_1117.png,1
face_1118.png,2
face_1119.png,1
face_1120.png,5
face_1121.png,2
face_1122.png,4
face_1123.png,4
face_1124.png,4
face_1125.png,5
face_1126.png,1
face_1127.png,5
face_1128.png,1
face_1129.png,4
face_1130.png,1
face_1131.png,2
face_1132.png,1
face_1133.png,4
face_1134.png,1
face_1135.png,1
face_1136.png,5
face_1137.png,1
face_1138.png,5
face_1139.png,4
face_1142.png,4
face_1143.png,1
face_1144.png,5
face_1145.png,1
face_1146.png,4
face_1147.png,2
face_1148.png,4
face_1149.png,4
face_1150.png,4
face_1151.png,1
face_1152.png,1
face_1155.png,2
face_1156.png,2
face_1157.png,1
face_1159.png,1
face_1160.png,4
face_1161.png,1
face_1162.png,1
face_1163.png,4
face_1164.png,1
face_1165.png,5
face_1167.png,1
face_1168.png,2
face_1169.png,4
face_1170.png,4
face_1171.png,4
face_1172.png,4
face_1173.png,1
face_1174.png,4
face_1175.png,4
face_1176.png,4
face_1178.png,4
face_1179.png,4
face_1180.png,4
face_1181.png,2
face_1182.png,4
face_1183.png,4
face_1184.png,1
face_1185.png,1
face_1186.png,4
face_1187.png,4
face_1188.png,1
face_1189.png,1
face_1190.png,4
face_1191.png,4
face_1192.png,4
face_1193.png,1
face_1194.png,0
face_1195.png,4
face_1196.png,1
face_1197.png,4
face_1198.png,1
face_1199.png,4
face_1200.png,2
face_1201.png,0
face_1202.png,1
face_1203.png,2
face_1204.png,2
face_1206.png,4
face_1207.png,4
face_1208.png,1
face_1209.png,2
face_1213.png,4
face_1214.png,1
face_1215.png,4
face_1216.png,4
face_1217.png,4
face_1218.png,4
face_1220.png,5
face_1221.png,4
face_1222.png,1
face_1223.png,2
face_1224.png,1
face_1225.png,4
face_1226.png,4
face_1227.png,2
face_1228.png,4
face_1229.png,4
face_1231.png,4
face_1232.png,4
face_1233.png,5
face_1234.png,4
face_1235.png,4
face_1236.png,4
face_1237.png,4
face_1238.png,1
face_1240.png,4
face_1241.png,4
face_1242.png,2
face_1243.png,4
face_1245.png,5
face_1246.png,4
face_1247.png,1
face_1248.png,4
face_1249.png,4
face_1250.png,1
face_1251.png,4
face_1252.png,5
face_1253.png,2
face_1254.png,1
face_1256.png,4
face_1257.png,1
face_1258.png,4
face_1259.png,4
face_1260.png,4
face_1261.png,4
face_1262.png,1
face_1263.png,1
face_1264.png,5
face_1265.png,4
face_1266.png,4
face_1267.png,4
face_1268.png,4
face_1269.png,4
face_1271.png,4
face_1272.png,5
face_1273.png,2
face_1275.png,2
face_1277.png,4
face_1279.png,4
face_1280.png,1
face_1281.png,4
face_1282.png,2
face_1283.png,4
face_1284.png,1
face_1285.png,4
face_1286.png,4
face_1287.png,1
face_1288.png,1
face_1289.png,2
face_1290.png,4
face_1291.png,1
face_1292.png,4
face_1293.png,4
face_1295.png,5
face_1297.png,1
face_1298.png,2
face_1300.png,5
face_1301.png,2
face_1302.png,4
face_1303.png,1
face_1304.png,1
face_1305.png,4
face_1306.png,4
face_1307.png,4
face_1308.png,4
face_1309.png,4
face_1310.png,2
face_1312.png,1
face_1313.png,4
face_1315.png,1
face_1316.png,2
face_1317.png,1
face_1318.png,4
face_1320.png,4
face_1321.png,1
face_1322.png,2
face_1323.png,1
face_1325.png,4
face_1326.png,5
face_1327.png,1
face_1328.png,2
face_1330.png,1
face_1331.png,5
face_1332.png,2
face_1333.png,1
face_1335.png,4
face_1336.png,1
face_1337.png,4
face_1338.png,4
face_1339.png,4
face_1340.png,2
face_1341.png,1
face_1342.png,1
face_1343.png,1
face_1344.png,1
face_1345.png,1
face_1346.png,1
face_1347.png,1
face_1348.png,1
face_1349.png,1
face_1350.png,2
face_1351.png,2
face_1352.png,4
face_1353.png,4
face_1354.png,2
face_1355.png,1
face_1356.png,1
face_1357.png,1
face_1358.png,1
face_1359.png,5
face_1360.png,4
face_1361.png,4
face_1362.png,1
face_1363.png,2
face_1364.png,1
face_1365.png,1
face_1366.png,4
face_1367.png,4
face_1368.png,2
face_1369.png,4
face_1370.png,1
face_1372.png,1
face_1373.png,4
face_1374.png,1
face_1375.png,4
face_1377.png,2
face_1378.png,1
face_1379.png,4
face_1380.png,1
face_1381.png,4
face_1382.png,4
face_1383.png,4
face_1384.png,5
face_1385.png,1
face_1386.png,1
face_1387.png,4
face_1389.png,4
face_1390.png,2
face_1391.png,4
face_1392.png,4
face_1393.png,4
face_1394.png,1
face_1395.png,1
face_1396.png,4
face_1398.png,5
face_1399.png,2
face_1400.png,4
face_1401.png,4
face_1402.png,4
face_1403.png,1
face_1404.png,4
face_1405.png,1
face_1406.png,1
face_1407.png,4
face_1408.png,4
face_1409.png,4
face_1410.png,4
face_1411.png,4
face_1412.png,4
face_1413.png,4
face_1414.png,5
face_1415.png,1
face_1416.png,4
face_1418.png,5
face_1419.png,4
face_1421.png,1
face_1422.png,4
face_1423.png,5
face_1424.png,4
face_1425.png,4
face_1426.png,4
face_1427.png,1
face_1428.png,4
face_1430.png,4
face_1431.png,4
face_1432.png,4
face_1433.png,4
face_1434.png,4
face_1435.png,2
face_1436.png,4
face_1437.png,4
face_1438.png,5
face_1440.png,1
face_1441.png,4
face_1442.png,4
face_1444.png,4
face_1445.png,1
face_1446.png,1
face_1447.png,1
face_1448.png,5
face_1449.png,2
face_1450.png,4
face_1451.png,1
face_1452.png,4
face_1453.png,2
face_1454.png,4
face_1455.png,1
face_1456.png,2
face_1457.png,4
face_1459.png,2
face_1460.png,1
face_1461.png,4
face_1462.png,4
face_1463.png,1
face_1464.png,1
face_1465.png,1
face_1466.png,4
face_1467.png,1
face_1468.png,5
face_1469.png,1
face_1470.png,1
face_1471.png,1
face_1472.png,2
face_1473.png,4
face_1474.png,4
face_1475.png,2
face_1476.png,4
face_1477.png,2
face_1478.png,4
face_1479.png,1
face_1480.png,2
face_1481.png,5
face_1483.png,4
face_1484.png,4
face_1485.png,4
face_1486.png,5
face_1488.png,1
face_1489.png,1
face_1490.png,4
face_1491.png,1
face_1492.png,4
face_1493.png,4
face_1494.png,1
face_1495.png,4
face_1496.png,2
face_1497.png,4
face_1498.png,4
face_1499.png,4
face_1500.png,4
face_1501.png,4
face_1502.png,1
face_1503.png,4
face_1504.png,4
face_1505.png,1
face_1506.png,4
face_1507.png,1
face_1508.png,2
face_1510.png,4
face_1512.png,4
face_1513.png,4
face_1514.png,1
face_1515.png,4
face_1516.png,4
face_1517.png,1
face_1518.png,5
face_1519.png,4
face_1520.png,5
face_1521.png,4
face_1522.png,4
face_1523.png,4
face_1524.png,1
face_1525.png,4
face_1526.png,4
face_1527.png,2
face_1528.png,4
face_1529.png,4
face_1530.png,4
face_1531.png,1
face_1532.png,4
face_1533.png,1
face_1534.png,4
face_1535.png,2
face_1537.png,4
face_1538.png,4
face_1539.png,1
face_1540.png,1
face_1541.png,4
face_1542.png,1
face_1543.png,4
face_1544.png,0
face_1545.png,5
face_1546.png,1
face_1547.png,4
face_1548.png,1
face_1549.png,1
face_1550.png,4
face_1551.png,1
face_1552.png,4
face_1553.png,4
face_1554.png,1
face_1555.png,1
face_1556.png,4
face_1559.png,4
face_1560.png,4
face_1563.png,4
face_1564.png,1
face_1565.png,1
face_1566.png,4
face_1567.png,4
face_1568.png,0
face_1569.png,4
face_1570.png,5
face_1571.png,1
face_1572.png,4
face_1574.png,1
face_1575.png,5
face_1576.png,4
face_1578.png,4
face_1579.png,2
face_1580.png,4
face_1581.png,4
face_1582.png,1
face_1583.png,1
face_1584.png,1
face_1585.png,4
face_1586.png,2
face_1587.png,4
face_1588.png,5
face_1589.png,4
face_1590.png,4
face_1591.png,4
face_1593.png,4
face_1594.png,1
face_1595.png,1
face_1596.png,0
face_1597.png,1
face_1598.png,5
face_1599.png,4
face_1600.png,4
face_1601.png,4
face_1602.png,4
face_1603.png,4
face_1605.png,1
face_1606.png,4
face_1607.png,2
face_1608.png,4
face_1609.png,2
face_1610.png,4
face_1611.png,1
face_1612.png,4
face_1613.png,1
face_1614.png,5
face_1615.png,1
face_1616.png,1
face_1617.png,4
face_1618.png,4
face_1619.png,0
face_1620.png,1
face_1621.png,4
face_1622.png,2
face_1623.png,4
face_1624.png,4
face_1625.png,1
face_1626.png,1
face_1627.png,4
face_1628.png,4
face_1629.png,4
face_1630.png,1
face_1631.png,4
face_1632.png,1
face_1633.png,4
face_1634.png,0
face_1635.png,1
face_1636.png,1
face_1637.png,4
face_1638.png,1
face_1639.png,1
face_1640.png,2
face_1641.png,2
face_1642.png,5
face_1643.png,2
face_1644.png,4
face_1645.png,2
face_1646.png,4
face_1647.png,1
face_1648.png,4
face_1649.png,5
face_1650.png,4
face_1651.png,1
face_1652.png,4
face_1654.png,1
face_1655.png,4
face_1656.png,1
face_1657.png,4
face_1659.png,4
face_1660.png,0
face_1661.png,1
face_1662.png,4
face_1663.png,5
face_1664.png,4
face_1665.png,4
face_1666.png,1
face_1667.png,4
face_1668.png,4
face_1669.png,1
face_1671.png,1
face_1672.png,4
face_1673.png,4
face_1674.png,4
face_1675.png,1
face_1676.png,1
face_1677.png,1
face_1678.png,4
face_1679.png,5
face_1680.png,4
face_1681.png,4
face_1682.png,1
face_1683.png,4
face_1684.png,4
face_1685.png,2
face_1686.png,4
face_1687.png,4
face_1688.png,4
face_1689.png,1
face_1690.png,2
face_1692.png,4
face_1693.png,4
face_1694.png,5
face_1695.png,1
face_1696.png,1
face_1697.png,2
face_1698.png,1
face_1699.png,4
face_1700.png,4
face_1701.png,4
face_1702.png,4
face_1703.png,4
face_1704.png,1
face_1705.png,4
face_1706.png,4
face_1707.png,2
face_1708.png,2
face_1709.png,2
face_1710.png,2
face_1711.png,4
face_1712.png,4
face_1714.png,1
face_1715.png,1
face_1717.png,1
face_1718.png,5
face_1719.png,2
face_1720.png,4
face_1721.png,4
face_1722.png,4
face_1723.png,1
face_1724.png,1
face_1725.png,4
face_1726.png,1
face_1728.png,4
face_1729.png,4
face_1730.png,4
face_1732.png,5
face_1733.png,1
face_1734.png,4
face_1735.png,1
face_1736.png,4
face_1738.png,1
face_1739.png,2
face_1740.png,5
face_1741.png,2
face_1742.png,4
face_1744.png,2
face_1745.png,4
face_1746.png,4
face_1747.png,4
face_1748.png,2
face_1749.png,4
face_1750.png,4
face_1751.png,1
face_1752.png,4
face_1753.png,4
face_1754.png,4
face_1755.png,4
face_1756.png,1
face_1757.png,4
face_1758.png,4
face_1759.png,5
face_1760.png,4
face_1761.png,4
face_1763.png,4
face_1764.png,0
face_1765.png,2
face_1767.png,4
face_1768.png,4
face_1770.png,1
face_1771.png,1
face_1772.png,4
face_1773.png,0
face_1774.png,4
face_1775.png,1
face_1776.png,4
face_1777.png,2
face_1778.png,4
face_1779.png,4
face_1780.png,4
face_1781.png,4
face_1782.png,1
face_1783.png,4
face_1784.png,1
face_1785.png,1
face_1788.png,1
face_1789.png,4
face_1790.png,4
face_1791.png,5
face_1792.png,1
face_1793.png,4
face_1794.png,4
face_1795.png,4
face_1796.png,4
face_1797.png,4
face_1798.png,4
face_1799.png,4
face_1800.png,1
face_1801.png,1
face_1803.png,4
face_1804.png,4
face_1805.png,4
face_1806.png,1
face_1807.png,4
face_1808.png,2
face_1809.png,5
face_1810.png,1
face_1811.png,1
face_1812.png,4
face_1813.png,5
face_1814.png,5
face_1816.png,1
face_1817.png,4
face_1818.png,4
face_1819.png,1
face_1820.png,4
face_1821.png,4
face_1822.png,4
face_1823.png,1
face_1824.png,4
face_1825.png,1
face_1826.png,4
face_1827.png,4
face_1828.png,4
face_1829.png,4
face_1830.png,1
face_1831.png,4
face_1832.png,1
face_1833.png,4
face_1834.png,4
face_1835.png,5
face_1836.png,5
face_1837.png,4
face_1838.png,4
face_1839.png,5
face_1840.png,4
face_1841.png,2
face_1842.png,1
face_1843.png,5
face_1844.png,5
face_1845.png,4
face_1846.png,4
face_1847.png,4
face_1848.png,1
face_1849.png,1
face_1850.png,4
face_1851.png,4
face_1852.png,5
face_1853.png,5
face_1854.png,4
face_1855.png,4
face_1856.png,1
face_1857.png,5
face_1858.png,4
face_1859.png,1
face_1860.png,4
face_1863.png,1
face_1864.png,4
face_1865.png,1
face_1866.png,1
face_1868.png,4
face_1869.png,4
face_1870.png,4
face_1871.png,4
face_1872.png,5
face_1873.png,4
face_1874.png,5
face_1875.png,1
face_1876.png,0
face_1877.png,2
face_1878.png,4
face_1879.png,4
face_1880.png,1
face_1881.png,2
face_1882.png,4
face_1883.png,1
face_1884.png,1
face_1885.png,5
face_1886.png,4
face_1887.png,1
face_1888.png,1
face_1889.png,1
face_1890.png,1
face_1891.png,1
face_1892.png,4
face_1893.png,1
face_1894.png,1
face_1895.png,1
face_1896.png,4
face_1897.png,4
face_1898.png,4
face_1899.png,2
face_1900.png,4
face_1901.png,5
face_1902.png,4
face_1903.png,5
face_1905.png,4
face_1906.png,4
face_1908.png,4
face_1909.png,4
face_1910.png,4
face_1911.png,2
face_1912.png,2
face_1913.png,4
face_1914.png,4
face_1915.png,4
face_1916.png,2
face_1917.png,2
face_1918.png,4
face_1919.png,1
face_1920.png,1
face_1921.png,0
face_1922.png,2
face_1923.png,1
face_1925.png,1
face_1927.png,4
face_1928.png,4
face_1929.png,4
face_1930.png,4
face_1931.png,5
face_1933.png,4
face_1934.png,4
face_1935.png,2
face_1936.png,1
face_1937.png,4
face_1938.png,5
face_1939.png,2
face_1940.png,1
face_1942.png,1
face_1944.png,5
face_1945.png,4
face_1946.png,1
face_1947.png,2
face_1948.png,1
face_1950.png,4
face_1951.png,4
face_1952.png,4
face_1953.png,0
face_1954.png,1
face_1955.png,1
face_1957.png,4
face_1958.png,4
face_1959.png,4
face_1960.png,4
face_1961.png,5
face_1962.png,4
face_1963.png,5
face_1964.png,4
face_1965.png,4
face_1966.png,1
face_1967.png,2
face_1968.png,0
face_1969.png,4
face_1970.png,4
face_1971.png,4
face_1972.png,1
face_1973.png,4
face_1974.png,4
face_1976.png,1
face_1977.png,1
face_1979.png,4
face_1980.png,4
face_1981.png,2
face_1982.png,4
face_1983.png,2
face_1984.png,4
face_1985.png,4
face_1986.png,4
face_1987.png,4
face_1988.png,4
face_1989.png,1
face_1990.png,1
face_1991.png,4
face_1992.png,4
face_1994.png,4
face_1995.png,1
face_1996.png,2
face_1997.png,1
face_1998.png,4
face_2000.png,4
face_2001.png,1
face_2002.png,1
face_2003.png,1
face_2004.png,4
face_2005.png,4
face_2006.png,4
face_2007.png,4
face_2011.png,2
face_2012.png,1
face_2014.png,2
face_2015.png,4
face_2016.png,5
face_2017.png,4
face_2018.png,5
face_2019.png,4
face_2020.png,5
face_2021.png,4
face_2022.png,4
face_2024.png,2
face_2025.png,4
face_2026.png,4
face_2027.png,4
face_2028.png,4
face_2029.png,4
face_2030.png,1
face_2031.png,4
face_2033.png,1
face_2034.png,2
face_2035.png,4
face_2036.png,1
face_2037.png,4
face_2039.png,1
face_2040.png,1
face_2044.png,1
face_2045.png,4
face_2046.png,4
face_2047.png,1
face_2048.png,4
face_2049.png,1
face_2050.png,5
face_2052.png,1
face_2054.png,4
face_2055.png,4
face_2056.png,4
face_2057.png,4
face_2058.png,1
face_2059.png,4
face_2060.png,4
face_2061.png,1
face_2062.png,4
face_2063.png,4
face_2064.png,5
face_2066.png,1
face_2067.png,1
face_2068.png,4
face_2069.png,4
face_2070.png,4
face_2071.png,2
face_2072.png,1
face_2073.png,1
face_2074.png,4
face_2076.png,4
face_2077.png,4
face_2078.png,4
face_2079.png,4
face_2080.png,0
face_2081.png,1
face_2082.png,1
face_2083.png,2
face_2084.png,4
face_2086.png,1
face_2087.png,4
face_2088.png,1
face_2089.png,4
face_2090.png,2
face_2094.png,2
face_2095.png,1
face_2096.png,1
face_2097.png,1
face_2098.png,4
face_2099.png,4
face_2101.png,5
face_2102.png,0
face_2103.png,1
face_2104.png,4
face_2105.png,2
face_2106.png,4
face_2107.png,4
face_2108.png,4
face_2109.png,1
face_2110.png,1
face_2111.png,1
face_2112.png,1
face_2113.png,5
face_2114.png,1
face_2115.png,1
face_2117.png,4
face_2118.png,1
face_2119.png,2
face_2120.png,4
face_2121.png,4
face_2122.png,4
face_2123.png,4
face_2124.png,2
face_2125.png,4
face_2126.png,1
face_2127.png,1
face_2128.png,2
face_2131.png,4
face_2132.png,0
face_2133.png,4
face_2134.png,1
face_2136.png,4
face_2137.png,4
face_2138.png,4
face_2139.png,4
face_2140.png,4
face_2141.png,4
face_2142.png,2
face_2143.png,1
face_2144.png,1
face_2145.png,2
face_2146.png,4
face_2148.png,4
face_2149.png,4
face_2150.png,1
face_2151.png,4
face_2152.png,1
face_2153.png,4
face_2154.png,4
face_2155.png,4
face_2156.png,1
face_2157.png,1
face_2159.png,5
face_2160.png,4
face_2161.png,4
face_2162.png,4
face_2163.png,4
face_2164.png,2
face_2165.png,2
face_2166.png,4
face_2167.png,2
face_2169.png,1
face_2170.png,1
face_2171.png,4
face_2172.png,4
face_2173.png,4
face_2174.png,4
face_2176.png,4
face_2177.png,4
face_2179.png,1
face_2180.png,2
face_2181.png,4
face_2183.png,4
face_2184.png,4
face_2185.png,4
face_2186.png,1
face_2187.png,4
face_2188.png,4
face_2189.png,4
face_2191.png,2
face_2192.png,4
face_2193.png,4
face_2194.png,4
face_2195.png,4
face_2197.png,1
face_2198.png,4
face_2199.png,4
face_2202.png,1
face_2203.png,4
face_2204.png,4
face_2205.png,1
face_2206.png,4
face_2207.png,5
face_2208.png,5
face_2209.png,4
face_2211.png,4
face_2212.png,2
face_2213.png,4
face_2214.png,4
face_2215.png,2
face_2216.png,2
face_2217.png,1
face_2218.png,4
face_2219.png,1
face_2220.png,1
face_2221.png,1
face_2222.png,4
face_2223.png,4
face_2224.png,1
face_2225.png,1
face_2226.png,4
face_2227.png,1
face_2228.png,4
face_2229.png,2
face_2230.png,4
face_2231.png,4
face_2233.png,5
face_2234.png,4
face_2236.png,4
face_2237.png,4
face_2238.png,4
face_2239.png,4
face_2240.png,1
face_2241.png,4
face_2242.png,4
face_2243.png,4
face_2245.png,5
face_2246.png,1
face_2247.png,5
face_2248.png,1
face_2250.png,4
face_2251.png,0
face_2252.png,2
face_2253.png,1
face_2254.png,1
face_2255.png,1
face_2256.png,4
face_2257.png,2
face_2258.png,4
face_2259.png,1
face_2260.png,4
face_2262.png,4
face_2263.png,4
face_2265.png,4
face_2266.png,4
face_2267.png,4
face_2268.png,2
face_2269.png,4
face_2270.png,5
face_2271.png,1
face_2272.png,2
face_2273.png,2
face_2274.png,1
face_2275.png,4
face_2276.png,4
face_2277.png,4
face_2278.png,1
face_2279.png,4
face_2280.png,4
face_2281.png,2
face_2282.png,1
face_2283.png,1
face_2284.png,4
face_2286.png,5
face_2287.png,4
face_2288.png,1
face_2289.png,1
face_2290.png,4
face_2291.png,4
face_2292.png,4
face_2293.png,2
face_2294.png,1
face_2295.png,5
face_2296.png,4
face_2297.png,4
face_2298.png,1
face_2300.png,1
face_2301.png,1
face_2302.png,1
face_2303.png,1
face_2304.png,1
face_2306.png,4
face_2307.png,4
face_2309.png,1
face_2310.png,4
face_2311.png,5
face_2312.png,4
face_2313.png,4
face_2314.png,1
face_2315.png,1
face_2316.png,4
face_2317.png,4
face_2318.png,4
face_2319.png,4
face_2320.png,1
face_2321.png,4
face_2322.png,4
face_2323.png,1
face_2324.png,4
face_2325.png,2
face_2326.png,4
face_2327.png,4
face_2328.png,4
face_2329.png,1
face_2330.png,4
face_2331.png,0
face_2332.png,4
face_2334.png,4
face_2335.png,4
face_2336.png,1
face_2337.png,1
face_2338.png,1
face_2339.png,4
face_2340.png,4
face_2341.png,2
face_2342.png,1
face_2344.png,5
face_2345.png,1
face_2347.png,4
face_2348.png,1
face_2349.png,4
face_2350.png,4
face_2351.png,4
face_2352.png,4
face_2354.png,1
face_2355.png,2
face_2356.png,2
face_2357.png,4
face_2358.png,1
face_2359.png,0
face_2360.png,1
face_2361.png,2
face_2362.png,2
face_2363.png,4
face_2364.png,0
face_2365.png,4
face_2366.png,0
face_2367.png,4
face_2368.png,1
face_2369.png,4
face_2370.png,1
face_2371.png,4
face_2372.png,2
face_2373.png,1
face_2374.png,2
face_2375.png,4
face_2377.png,0
face_2378.png,4
face_2379.png,4
face_2380.png,4
face_2381.png,1
face_2382.png,4
face_2383.png,4
face_2385.png,1
face_2386.png,4
face_2387.png,4
face_2388.png,1
face_2389.png,1
face_2390.png,4
face_2391.png,1
face_2392.png,4
face_2393.png,2
face_2394.png,4
face_2395.png,1
face_2396.png,1
face_2397.png,4
face_2398.png,1
face_2399.png,4
face_2400.png,4
face_2401.png,5
face_2402.png,4
face_2403.png,5
face_2404.png,1
face_2405.png,1
face_2406.png,4
face_2407.png,4
face_2408.png,4
face_2410.png,4
face_2412.png,5
face_2413.png,4
face_2414.png,4
face_2415.png,2
face_2416.png,4
face_2417.png,4
face_2418.png,2
face_2419.png,4
face_2420.png,1
face_2421.png,1
face_2422.png,4
face_2423.png,4
face_2424.png,4
face_2425.png,4
face_2426.png,2
face_2427.png,2
face_2428.png,1
face_2429.png,4
face_2430.png,2
face_2431.png,1
face_2433.png,4
face_2434.png,1
face_2435.png,4
face_2436.png,1
face_2437.png,4
face_2438.png,5
face_2439.png,1
face_2440.png,1
face_2441.png,1
face_2443.png,1
face_2444.png,5
face_2445.png,1
face_2446.png,2
face_2447.png,4
face_2448.png,4
face_2449.png,4
face_2450.png,4
face_2451.png,4
face_2452.png,1
face_2453.png,1
face_2454.png,1
face_2455.png,1
face_2456.png,1
face_2457.png,4
face_2458.png,4
face_2459.png,4
face_2460.png,4
face_2461.png,1
face_2462.png,1
face_2463.png,1
face_2464.png,1
face_2465.png,1
face_2466.png,4
face_2468.png,4
face_2471.png,4
face_2472.png,4
face_2473.png,5
face_2474.png,1
face_2475.png,4
face_2476.png,1
face_2477.png,1
face_2478.png,1
face_2479.png,4
face_2480.png,4
face_2481.png,4
face_2482.png,4
face_2483.png,4
face_2484.png,1
face_2485.png,4
face_2486.png,0
face_2487.png,4
face_2488.png,2
face_2489.png,1
face_2490.png,4
face_2491.png,5
face_2492.png,4
face_2493.png,1
face_2494.png,4
face_2495.png,1
face_2496.png,4
face_2499.png,1
face_2500.png,4
face_2501.png,4
face_2502.png,1
face_2503.png,1
face_2504.png,4
face_2506.png,4
face_2507.png,1
face_2508.png,1
face_2509.png,4
face_2510.png,1
face_2511.png,4
face_2512.png,1
face_2513.png,4
face_2514.png,4
face_2515.png,4
face_2516.png,1
face_2517.png,2
face_2518.png,4
face_2519.png,4
face_2520.png,4
face_2521.png,4
face_2522.png,1
face_2524.png,1
face_2526.png,4
face_2527.png,4
face_2528.png,4
face_2529.png,5
face_2530.png,1
face_2531.png,1
face_2532.png,1
face_2533.png,4
face_2534.png,4
face_2535.png,2
face_2536.png,4
face_2537.png,2
face_2538.png,2
face_2539.png,4
face_2540.png,1
face_2542.png,1
face_2543.png,1
face_2544.png,2
face_2546.png,4
face_2547.png,4
face_2548.png,1
face_2549.png,4
face_2551.png,4
face_2552.png,4
face_2553.png,4
face_2554.png,4
face_2555.png,1
face_2556.png,4
face_2557.png,4
face_2558.png,1
face_2560.png,1
face_2561.png,4
face_2562.png,4
face_2563.png,1
face_2564.png,4
face_2565.png,1
face_2566.png,0
face_2567.png,4
face_2568.png,2
face_2570.png,1
face_2571.png,2
face_2572.png,1
face_2573.png,4
face_2574.png,4
face_2575.png,4
face_2576.png,4
face_2577.png,1
face_2578.png,1
face_2579.png,4
face_2580.png,4
face_2581.png,4
face_2582.png,1
face_2583.png,1
face_2584.png,4
face_2585.png,1
face_2586.png,1
face_2587.png,4
face_2588.png,2
face_2589.png,1
face_2590.png,2
face_2591.png,4
face_2592.png,5
face_2594.png,1
face_2595.png,4
face_2596.png,4
face_2599.png,1
face_2600.png,4
face_2601.png,4
face_2602.png,0
face_2603.png,4
face_2604.png,4
face_2605.png,4
face_2606.png,4
face_2608.png,5
face_2609.png,4
face_2610.png,2
face_2611.png,4
face_2612.png,4
face_2613.png,2
face_2614.png,1
face_2615.png,2
face_2616.png,4
face_2617.png,4
face_2618.png,4
face_2620.png,4
face_2621.png,1
face_2622.png,1
face_2623.png,1
face_2624.png,1
face_2625.png,4
face_2626.png,4
face_2627.png,1
face_2628.png,1
face_2629.png,4
face_2630.png,4
face_2631.png,2
face_2632.png,2
face_2633.png,4
face_2634.png,4
face_2635.png,2
face_2636.png,1
face_2637.png,1
face_2638.png,2
face_2639.png,1
face_2640.png,4
face_2641.png,4
face_2642.png,4
face_2643.png,1
face_2644.png,1
face_2645.png,1
face_2646.png,2
face_2647.png,1
face_2648.png,1
face_2649.png,4
face_2650.png,0
face_2651.png,5
face_2652.png,4
face_2653.png,1
face_2654.png,4
face_2655.png,5
face_2656.png,1
face_2657.png,2
face_2658.png,2
face_2659.png,4
face_2660.png,4
face_2661.png,4
face_2662.png,2
face_2664.png,5
face_2665.png,4
face_2666.png,5
face_2667.png,4
face_2668.png,1
face_2669.png,1
face_2670.png,4
face_2671.png,1
face_2672.png,1
face_2673.png,1
face_2674.png,2
face_2675.png,4
face_2676.png,1
face_2677.png,4
face_2678.png,5
face_2679.png,4
face_2680.png,4
face_2681.png,1
face_2682.png,1
face_2683.png,1
face_2684.png,4
face_2685.png,1
face_2686.png,4
face_2688.png,4
face_2689.png,5
face_2690.png,5
face_2691.png,4
face_2692.png,1
face_2693.png,4
face_2694.png,4
face_2695.png,4
face_2696.png,2
face_2698.png,1
face_2699.png,2
face_2700.png,4
face_2701.png,2
face_2702.png,4
face_2704.png,2
face_2705.png,5
face_2707.png,4
face_2708.png,4
face_2709.png,1
face_2711.png,4
face_2712.png,5
face_2714.png,4
face_2715.png,1
face_2716.png,4
face_2717.png,4
face_2718.png,1
face_2719.png,4
face_2720.png,4
face_2721.png,1
face_2722.png,1
face_2723.png,1
face_2724.png,4
face_2725.png,1
face_2727.png,2
face_2728.png,1
face_2730.png,2
face_2731.png,1
face_2732.png,1
face_2734.png,4
face_2735.png,2
face_2736.png,4
face_2737.png,4
face_2738.png,4
face_2739.png,1
face_2740.png,1
face_2741.png,4
face_2742.png,1
face_2744.png,1
face_2745.png,5
face_2746.png,0
face_2747.png,4
face_2748.png,0
face_2749.png,4
face_2750.png,4
face_2751.png,4
face_2752.png,1
face_2753.png,4
face_2755.png,2
face_2756.png,1
face_2757.png,1
face_2758.png,1
face_2759.png,1
face_2760.png,5
face_2761.png,4
face_2762.png,1
face_2763.png,1
face_2765.png,1
face_2766.png,4
face_2767.png,2
face_2768.png,4
face_2769.png,4
face_2770.png,4
face_2771.png,4
face_2772.png,1
face_2773.png,2
face_2774.png,4
face_2775.png,1
face_2776.png,4
face_2777.png,4
face_2778.png,2
face_2779.png,2
face_2780.png,1
face_2782.png,1
face_2784.png,4
face_2785.png,4
face_2786.png,2
face_2787.png,4
face_2788.png,4
face_2789.png,0
face_2790.png,1
face_2791.png,4
face_2792.png,4
face_2793.png,1
face_2795.png,4
face_2796.png,4
face_2797.png,4
face_2798.png,5
face_2799.png,4
face_2800.png,4
face_2801.png,1
face_2803.png,4
face_2804.png,1
face_2805.png,5
face_2806.png,4
face_2807.png,2
face_2808.png,1
face_2809.png,1
face_2810.png,0
face_2811.png,4
face_2813.png,4
face_2814.png,4
face_2815.png,4
face_2816.png,1
face_2817.png,1
face_2818.png,4
face_2820.png,4
face_2821.png,0
face_2822.png,1
face_2823.png,0
face_2824.png,1
face_2825.png,5
face_2826.png,2
face_2827.png,4
face_2828.png,2
face_2830.png,1
face_2831.png,4
face_2833.png,5
face_2834.png,2
face_2835.png,4
face_2836.png,4
face_2837.png,2
face_2838.png,1
face_2839.png,4
face_2840.png,4
face_2841.png,4
face_2842.png,5
face_2843.png,4
face_2844.png,1
face_2845.png,1
face_2846.png,4
face_2847.png,1
face_2848.png,1
face_2849.png,4
face_2850.png,5
face_2852.png,2
face_2853.png,1
face_2854.png,4
face_2855.png,1
face_2856.png,1
face_2857.png,4
face_2858.png,5
face_2859.png,4
face_2860.png,1
face_2861.png,0
face_2862.png,5
face_2863.png,4
face_2864.png,2
face_2865.png,4
face_2866.png,4
face_2867.png,4
face_2868.png,1
face_2869.png,4
face_2870.png,4
face_2871.png,4
face_2872.png,4
face_2873.png,1
face_2875.png,1
face_2876.png,4
face_2877.png,1
face_2878.png,1
face_2879.png,1
face_2880.png,4
face_2881.png,4
face_2883.png,2
face_2884.png,4
face_2885.png,2
face_2886.png,0
face_2889.png,4
face_2890.png,4
face_2891.png,2
face_2893.png,2
face_2894.png,5
face_2895.png,4
face_2896.png,1
face_2897.png,1
face_2898.png,4
face_2899.png,2
face_2900.png,2
face_2901.png,1
face_2902.png,4
face_2903.png,1
face_2904.png,0
face_2905.png,1
face_2906.png,1
face_2907.png,4
face_2908.png,2
face_2909.png,1
face_2910.png,4
face_2911.png,2
face_2912.png,1
face_2913.png,4
face_2914.png,1
face_2915.png,4
face_2916.png,1
face_2917.png,5
face_2919.png,2
face_2920.png,1
face_2921.png,4
face_2922.png,1
face_2923.png,4
face_2924.png,1
face_2925.png,5
face_2926.png,1
face_2927.png,1
face_2928.png,4
face_2929.png,1
face_2930.png,4
face_2931.png,4
face_2932.png,1
face_2933.png,4
face_2934.png,0
face_2935.png,4
face_2936.png,1
face_2937.png,4
face_2938.png,4
face_2939.png,4
face_2940.png,1
face_2941.png,4
face_2942.png,4
face_2943.png,1
face_2944.png,1
face_2945.png,4
face_2946.png,1
face_2947.png,1
face_2948.png,4
face_2949.png,2
face_2950.png,1
face_2951.png,4
face_2953.png,4
face_2954.png,4
face_2955.png,4
face_2956.png,0
face_2957.png,2
face_2958.png,1
face_2959.png,4
face_2960.png,1
face_2962.png,5
face_2963.png,1
face_2965.png,5
face_2967.png,5
face_2968.png,4
face_2969.png,5
face_2970.png,1
face_2971.png,2
face_2972.png,4
face_2973.png,1
face_2974.png,4
face_2975.png,4
face_2976.png,4
face_2978.png,1
face_2980.png,2
face_2981.png,4
face_2982.png,1
face_2983.png,1
face_2984.png,4
face_2985.png,5
face_2986.png,5
face_2987.png,4
face_2988.png,1
face_2990.png,4
face_2991.png,2
face_2992.png,4
face_2993.png,1
face_2994.png,0
face_2995.png,4
face_2996.png,4
face_2997.png,1
face_2998.png,4
face_2999.png,1
face_3002.png,1
face_3003.png,1
face_3007.png,0
face_3008.png,1
face_3009.png,5
face_3010.png,1
face_3011.png,5
face_3012.png,1
face_3013.png,1
face_3014.png,4
face_3015.png,4
face_3016.png,2
face_3019.png,4
face_3020.png,4
face_3021.png,4
face_3022.png,4
face_3024.png,4
face_3025.png,0
face_3026.png,1
face_3027.png,2
face_3028.png,4
face_3030.png,5
face_3031.png,4
face_3034.png,1
face_3035.png,1
face_3036.png,1
face_3037.png,4
face_3038.png,1
face_3040.png,4
face_3041.png,4
face_3042.png,4
face_3043.png,1
face_3044.png,4
face_3045.png,5
face_3046.png,4
face_3047.png,1
face_3048.png,4
face_3050.png,4
face_3051.png,4
face_3052.png,1
face_3054.png,4
face_3055.png,1
face_3057.png,4
face_3058.png,2
face_3059.png,1
face_3060.png,4
face_3061.png,4
face_3062.png,1
face_3063.png,2
face_3064.png,1
face_3065.png,4
face_3066.png,4
face_3067.png,4
face_3068.png,1
face_3069.png,1
face_3070.png,4
face_3071.png,4
face_3072.png,1
face_3073.png,2
face_3074.png,1
face_3075.png,4
face_3076.png,1
face_3077.png,4
face_3078.png,4
face_3079.png,5
face_3080.png,4
face_3082.png,1
face_3083.png,1
face_3084.png,4
face_3085.png,4
face_3086.png,4
face_3087.png,4
face_3088.png,4
face_3089.png,4
face_3090.png,4
face_3091.png,4
face_3092.png,4
face_3093.png,4
face_3094.png,4
face_3095.png,2
face_3096.png,1
face_3097.png,4
face_3098.png,4
face_3099.png,4
face_3100.png,5
face_3102.png,1
face_3103.png,4
face_3104.png,4
face_3105.png,1
face_3106.png,0
face_3107.png,1
face_3108.png,2
face_3110.png,1
face_3111.png,4
face_3112.png,4
face_3113.png,5
face_3114.png,2
face_3116.png,5
face_3119.png,5
face_3120.png,4
face_3123.png,1
face_3124.png,4
face_3126.png,4
face_3127.png,1
face_3128.png,1
face_3129.png,4
face_3130.png,4
face_3131.png,2
face_3133.png,1
face_3135.png,4
face_3136.png,4
face_3137.png,1
face_3139.png,4
face_3140.png,1
face_3141.png,4
face_3142.png,4
face_3143.png,4
face_3144.png,1
face_3145.png,1
face_3146.png,5
face_3147.png,1
face_3148.png,5
face_3149.png,2
face_3151.png,1
face_3152.png,1
face_3153.png,4
face_3154.png,4
face_3155.png,1
face_3156.png,1
face_3157.png,1
face_3158.png,4
face_3159.png,4
face_3161.png,1
face_3162.png,1
face_3163.png,1
face_3164.png,4
face_3165.png,4
face_3167.png,5
face_3168.png,1
face_3169.png,4
face_3170.png,4
face_3171.png,5
face_3172.png,4
face_3173.png,4
face_3174.png,1
face_3175.png,1
face_3176.png,4
face_3177.png,4
face_3178.png,4
face_3179.png,4
face_3180.png,5
face_3182.png,2
face_3183.png,1
face_3184.png,4
face_3185.png,5
face_3186.png,4
face_3187.png,4
face_3188.png,1
face_3190.png,2
face_3191.png,5
face_3192.png,4
face_3193.png,1
face_3194.png,4
face_3195.png,1
face_3196.png,1
face_3198.png,5
face_3199.png,0
face_3200.png,1
face_3201.png,4
face_3202.png,1
face_3203.png,1
face_3204.png,4
face_3205.png,4
face_3206.png,1
face_3207.png,4
face_3208.png,5
face_3209.png,4
face_3210.png,4
face_3212.png,4
face_3213.png,1
face_3214.png,5
face_3215.png,4
face_3216.png,4
face_3217.png,1
face_3218.png,1
face_3219.png,4
face_3220.png,4
face_3221.png,1
face_3223.png,4
face_3224.png,4
face_3226.png,4
face_3227.png,2
face_3229.png,1
face_3230.png,1
face_3231.png,2
face_3232.png,1
face_3233.png,1
face_3234.png,4
face_3235.png,5
face_3236.png,1
face_3237.png,4
face_3238.png,4
face_3239.png,4
face_3240.png,2
face_3241.png,1
face_3242.png,1
face_3243.png,4
face_3244.png,4
face_3245.png,1
face_3247.png,1
face_3248.png,2
face_3249.png,4
face_3252.png,4
face_3253.png,1
face_3254.png,1
face_3255.png,1
face_3256.png,2
face_3257.png,1
face_3258.png,2
face_3259.png,1
face_3260.png,4
face_3261.png,2
face_3262.png,4
face_3263.png,4
face_3264.png,4
face_3265.png,4
face_3266.png,4
face_3267.png,1
face_3268.png,2
face_3269.png,4
face_3270.png,4
face_3271.png,2
face_3272.png,1
face_3273.png,1
face_3274.png,4
face_3275.png,4
face_3276.png,1
face_3277.png,2
face_3279.png,4
face_3280.png,1
face_3281.png,1
face_3282.png,4
face_3283.png,4
face_3284.png,4
face_3285.png,4
face_3286.png,1
face_3287.png,4
face_3288.png,5
face_3289.png,2
face_3290.png,4
face_3291.png,4
face_3292.png,1
face_3293.png,4
face_3295.png,4
face_3296.png,4
face_3297.png,5
face_3298.png,1
face_3299.png,5
face_3301.png,1
face_3302.png,4
face_3303.png,4
face_3304.png,4
face_3305.png,1
face_3306.png,4
face_3308.png,4
face_3309.png,4
face_3312.png,4
face_3313.png,4
face_3314.png,1
face_3315.png,1
face_3316.png,4
face_3317.png,0
face_3318.png,4
face_3319.png,4
face_3320.png,1
face_3321.png,1
face_3322.png,1
face_3323.png,4
face_3324.png,4
face_3325.png,4
face_3326.png,1
face_3327.png,5
face_3328.png,2
face_3329.png,1
face_3330.png,4
face_3331.png,4
face_3332.png,1
face_3333.png,4
face_3334.png,4
face_3336.png,0
face_3337.png,4
face_3338.png,1
face_3340.png,4
face_3341.png,1
face_3342.png,4
face_3343.png,4
face_3344.png,4
face_3345.png,4
face_3346.png,1
face_3348.png,4
face_3349.png,2
face_3350.png,1
face_3352.png,4
face_3353.png,1
face_3354.png,1
face_3355.png,4
face_3356.png,4
face_3357.png,0
face_3358.png,1
face_3360.png,4
face_3361.png,4
face_3362.png,1
face_3363.png,4
face_3364.png,4
face_3365.png,4
face_3366.png,1
face_3367.png,4
face_3368.png,1
face_3369.png,1
face_3370.png,4
face_3371.png,4
face_3372.png,1
face_3374.png,4
face_3376.png,1
face_3377.png,2
face_3378.png,1
face_3379.png,4
face_3380.png,1
face_3381.png,1
face_3382.png,4
face_3383.png,1
face_3384.png,4
face_3385.png,4
face_3386.png,1
face_3387.png,4
face_3389.png,1
face_3390.png,4
face_3391.png,4
face_3392.png,2
face_3393.png,4
face_3394.png,4
face_3396.png,2
face_3397.png,4
face_3398.png,0
face_3399.png,1
face_3400.png,1
face_3401.png,1
face_3402.png,4
face_3403.png,1
face_3404.png,4
face_3405.png,4
face_3407.png,2
face_3408.png,1
face_3409.png,1
face_3410.png,4
face_3411.png,0
face_3412.png,5
face_3413.png,2
face_3414.png,4
face_3415.png,1
face_3416.png,4
face_3417.png,4
face_3419.png,1
face_3420.png,1
face_3421.png,4
face_3422.png,2
face_3423.png,1
face_3424.png,1
face_3426.png,1
face_3427.png,4
face_3428.png,1
face_3429.png,1
face_3430.png,1
face_3431.png,5
face_3432.png,1
face_3433.png,1
face_3434.png,1
face_3435.png,2
face_3436.png,4
face_3437.png,5
face_3438.png,1
face_3439.png,0
face_3440.png,1
face_3441.png,4
face_3442.png,4
face_3443.png,4
face_3444.png,4
face_3445.png,1
face_3446.png,5
face_3447.png,4
face_3448.png,4
face_3449.png,4
face_3450.png,4
face_3451.png,4
face_3452.png,2
face_3453.png,1
face_3454.png,1
face_3455.png,4
face_3456.png,1
face_3457.png,4
face_3458.png,1
face_3459.png,4
face_3460.png,4
face_3461.png,4
face_3462.png,4
face_3463.png,1
face_3464.png,4
face_3465.png,1
face_3466.png,4
face_3467.png,1
face_3468.png,4
face_3469.png,4
face_3470.png,4
face_3471.png,1
face_3472.png,1
face_3473.png,4
face_3474.png,1
face_3475.png,4
face_3476.png,4
face_3477.png,1
face_3478.png,1
face_3479.png,1
face_3480.png,1
face_3481.png,1
face_3482.png,2
face_3483.png,4
face_3484.png,5
face_3486.png,4
face_3487.png,1
face_3488.png,1
face_3489.png,4
face_3490.png,4
face_3491.png,1
face_3492.png,1
face_3493.png,5
face_3495.png,1
face_3496.png,4
face_3499.png,0
face_3500.png,4
face_3501.png,4
face_3502.png,4
face_3503.png,5
face_3504.png,5
face_3505.png,4
face_3506.png,4
face_3507.png,4
face_3508.png,4
face_3509.png,4
face_3510.png,4
face_3511.png,1
face_3512.png,4
face_3513.png,2
face_3514.png,5
face_3515.png,4
face_3516.png,4
face_3517.png,2
face_3518.png,4
face_3519.png,4
face_3520.png,1
face_3521.png,4
face_3522.png,1
face_3523.png,4
face_3525.png,2
face_3526.png,1
face_3527.png,5
face_3528.png,4
face_3529.png,4
face_3531.png,5
face_3532.png,2
face_3533.png,1
face_3534.png,4
face_3535.png,1
face_3536.png,2
face_3537.png,4
face_3538.png,4
face_3539.png,4
face_3540.png,2
face_3541.png,2
face_3542.png,1
face_3543.png,4
face_3544.png,4
face_3545.png,1
face_3546.png,5
face_3547.png,2
face_3548.png,4
face_3549.png,4
face_3550.png,4
face_3551.png,1
face_3552.png,4
face_3553.png,4
face_3554.png,5
face_3555.png,1
face_3556.png,4
face_3557.png,4
face_3558.png,2
face_3559.png,1
face_3560.png,1
face_3561.png,1
face_3562.png,1
face_3563.png,1
face_3564.png,4
face_3565.png,4
face_3566.png,4
face_3567.png,1
face_3568.png,0
face_3569.png,1
face_3570.png,4
face_3571.png,4
face_3572.png,4
face_3573.png,4
face_3574.png,1
face_3575.png,1
face_3576.png,4
face_3577.png,4
face_3578.png,4
face_3579.png,5
face_3582.png,1
face_3583.png,1
face_3584.png,4
face_3585.png,4
face_3586.png,4
face_3587.png,0
face_3588.png,1
face_3590.png,4
face_3591.png,4
face_3592.png,1
face_3593.png,1
face_3594.png,2
face_3595.png,1
face_3596.png,4
face_3597.png,4
face_3598.png,4
face_3599.png,1
face_3600.png,4
face_3601.png,4
face_3602.png,4
face_3603.png,4
face_3604.png,4
face_3606.png,1
face_3608.png,4
face_3609.png,4
face_3610.png,4
face_3611.png,1
face_3612.png,4
face_3613.png,5
face_3615.png,4
face_3616.png,1
face_3617.png,2
face_3618.png,2
face_3619.png,4
face_3620.png,4
face_3621.png,4
face_3623.png,2
face_3624.png,4
face_3625.png,4
face_3627.png,2
face_3630.png,2
face_3632.png,4
face_3633.png,2
face_3634.png,1
face_3635.png,4
face_3636.png,1
face_3637.png,4
face_3639.png,4
face_3640.png,2
face_3641.png,2
face_3643.png,4
face_3645.png,5
face_3646.png,2
face_3647.png,1
face_3648.png,4
face_3649.png,5
face_3650.png,4
face_3651.png,1
face_3652.png,4
face_3653.png,1
face_3654.png,4
face_3655.png,2
face_3656.png,1
face_3657.png,0
face_3658.png,4
face_3659.png,4
face_3660.png,1
face_3662.png,0
face_3663.png,1
face_3664.png,1
face_3665.png,1
face_3666.png,4
face_3667.png,4
face_3668.png,1
face_3671.png,1
face_3672.png,4
face_3673.png,4
face_3674.png,4
face_3676.png,4
face_3677.png,4
face_3678.png,5
face_3679.png,4
face_3680.png,5
face_3681.png,4
face_3682.png,1
face_3685.png,5
face_3686.png,1
face_3687.png,4
face_3688.png,4
face_3689.png,4
face_3690.png,2
face_3691.png,2
face_3692.png,0
face_3693.png,1
face_3695.png,1
face_3696.png,2
face_3697.png,4
face_3698.png,1
face_3699.png,4
face_3700.png,4
face_3701.png,1
face_3704.png,4
face_3705.png,2
face_3706.png,1
face_3708.png,4
face_3709.png,1
face_3710.png,4
face_3711.png,5
face_3712.png,4
face_3713.png,4
face_3714.png,2
face_3715.png,4
face_3717.png,4
face_3718.png,4
face_3721.png,2
face_3723.png,4
face_3724.png,2
face_3725.png,4
face_3727.png,2
face_3728.png,1
face_3729.png,1
face_3730.png,1
face_3731.png,4
face_3732.png,4
face_3733.png,1
face_3734.png,1
face_3735.png,4
face_3736.png,1
face_3737.png,5
face_3738.png,1
face_3741.png,4
face_3742.png,1
face_3743.png,2
face_3744.png,4
face_3745.png,4
face_3748.png,4
face_3749.png,1
face_3750.png,1
face_3751.png,1
face_3752.png,1
face_3753.png,1
face_3755.png,4
face_3756.png,5
face_3757.png,1
face_3758.png,4
face_3759.png,4
face_3760.png,4
face_3761.png,4
face_3762.png,4
face_3763.png,1
face_3764.png,4
face_3765.png,4
face_3766.png,4
face_3767.png,1
face_3768.png,2
face_3769.png,2
face_3771.png,4
face_3772.png,4
face_3773.png,1
face_3774.png,4
face_3775.png,4
face_3777.png,1
face_3778.png,4
face_3779.png,1
face_3781.png,4
face_3782.png,4
face_3783.png,4
face_3784.png,2
face_3785.png,4
face_3786.png,1
face_3787.png,1
face_3788.png,1
face_3789.png,4
face_3790.png,5
face_3792.png,1
face_3793.png,4
face_3795.png,4
face_3796.png,2
face_3797.png,1
face_3798.png,4
face_3799.png,4
face_3800.png,4
face_3801.png,4
face_3802.png,1
face_3803.png,1
face_3804.png,4
face_3805.png,4
face_3806.png,4
face_3807.png,5
face_3808.png,1
face_3809.png,4
face_3810.png,4
face_3811.png,1
face_3813.png,4
face_3814.png,4
face_3815.png,4
face_3816.png,4
face_3817.png,4
face_3818.png,4
face_3819.png,4
face_3820.png,4
face_3821.png,5
face_3822.png,4
face_3823.png,4
face_3824.png,1
face_3825.png,2
face_3826.png,1
face_3827.png,4
face_3828.png,4
face_3829.png,1
face_3830.png,1
face_3831.png,4
face_3832.png,2
face_3833.png,1
face_3834.png,4
face_3836.png,4
face_3837.png,4
face_3838.png,4
face_3839.png,2
face_3840.png,5
face_3841.png,4
face_3842.png,1
face_3843.png,4
face_3844.png,1
face_3845.png,4
face_3846.png,2
face_3847.png,4
face_3848.png,2
face_3849.png,2
face_3851.png,4
face_3852.png,1
face_3853.png,4
face_3854.png,2
face_3855.png,5
face_3856.png,4
face_3857.png,4
face_3858.png,4
face_3859.png,4
face_3860.png,4
face_3861.png,4
face_3862.png,4
face_3864.png,1
face_3865.png,4
face_3866.png,4
face_3867.png,2
face_3869.png,4
face_3870.png,4
face_3871.png,4
face_3872.png,1
face_3874.png,4
face_3875.png,5
face_3876.png,4
face_3877.png,4
face_3878.png,5
face_3879.png,4
face_3880.png,1
face_3881.png,1
face_3882.png,4
face_3883.png,4
face_3885.png,1
face_3886.png,1
face_3887.png,4
face_3888.png,5
face_3889.png,2
face_3891.png,1
face_3892.png,1
face_3893.png,1
face_3894.png,4
face_3895.png,4
face_3896.png,1
face_3897.png,4
face_3898.png,4
face_3899.png,1
face_3900.png,1
face_3901.png,4
face_3902.png,4
face_3903.png,1
face_3904.png,4
face_3905.png,2
face_3906.png,4
face_3907.png,1
face_3908.png,1
face_3909.png,4
face_3910.png,5
face_3911.png,4
face_3912.png,2
face_3913.png,1
face_3914.png,4
face_3915.png,4
face_3916.png,1
face_3917.png,5
face_3918.png,4
face_3919.png,2
face_3920.png,4
face_3921.png,1
face_3922.png,0
face_3923.png,4
face_3924.png,2
face_3925.png,4
face_3926.png,1
face_3927.png,1
face_3929.png,4
face_3930.png,2
face_3931.png,1
face_3932.png,5
face_3933.png,1
face_3934.png,1
face_3935.png,1
face_3936.png,4
face_3938.png,0
face_3939.png,4
face_3940.png,2
face_3941.png,4
face_3942.png,4
face_3943.png,4
face_3944.png,2
face_3945.png,1
face_3947.png,1
face_3948.png,4
face_3949.png,1
face_3950.png,1
face_3951.png,1
face_3952.png,4
face_3954.png,4
face_3956.png,4
face_3957.png,4
face_3958.png,1
face_3959.png,1
face_3960.png,1
face_3961.png,4
face_3962.png,1
face_3963.png,4
face_3964.png,4
face_3965.png,4
face_3966.png,4
face_3967.png,4
face_3968.png,1
face_3969.png,1
face_3971.png,4
face_3972.png,1
face_3973.png,1
face_3974.png,1
face_3975.png,4
face_3976.png,4
face_3977.png,1
face_3978.png,1
face_3980.png,4
face_3981.png,4
face_3983.png,4
face_3984.png,4
face_3985.png,4
face_3986.png,4
face_3987.png,1
face_3988.png,1
face_3989.png,1
face_3990.png,1
face_3991.png,1
face_3992.png,4
face_3993.png,4
face_3995.png,1
face_3996.png,1
face_3998.png,4
face_3999.png,2
face_4000.png,5
face_4001.png,4
face_4002.png,1
face_4003.png,4
face_4004.png,4
face_4006.png,1
face_4007.png,4
face_4008.png,4
face_4009.png,1
face_4010.png,0
face_4012.png,4
face_4013.png,0
face_4014.png,4
face_4015.png,4
face_4016.png,4
face_4017.png,4
face_4018.png,4
face_4019.png,4
face_4021.png,4
face_4022.png,4
face_4023.png,4
face_4024.png,4
face_4025.png,4
face_4026.png,1
face_4027.png,1
face_4028.png,2
face_4029.png,4
face_4030.png,2
face_4031.png,4
face_4032.png,4
face_4033.png,4
face_4034.png,4
face_4035.png,4
face_4037.png,2
face_4038.png,1
face_4039.png,4
face_4040.png,5
face_4041.png,4
face_4042.png,5
face_4043.png,2
face_4044.png,5
face_4045.png,4
face_4046.png,4
face_4047.png,2
face_4048.png,4
face_4049.png,4
face_4050.png,1
face_4051.png,4
face_4052.png,4
face_4054.png,5
face_4055.png,4
face_4056.png,1
face_4057.png,4
face_4058.png,2
face_4059.png,1
face_4060.png,4
face_4061.png,4
face_4062.png,1
face_4063.png,4
face_4064.png,4
face_4066.png,1
face_4067.png,4
face_4070.png,1
face_4071.png,4
face_4073.png,2
face_4074.png,0
face_4075.png,4
face_4076.png,1
face_4080.png,4
face_4081.png,1
face_4083.png,4
face_4084.png,1
face_4086.png,1
face_4087.png,1
face_4088.png,2
face_4089.png,1
face_4090.png,4
face_4091.png,1
face_4092.png,2
face_4093.png,4
face_4095.png,1
face_4096.png,4
face_4098.png,0
face_4099.png,4
face_4100.png,4
face_4101.png,0
face_4102.png,1
face_4103.png,2
face_4104.png,1
face_4105.png,2
face_4106.png,1
face_4107.png,1
face_4109.png,5
face_4110.png,4
face_4111.png,2
face_4112.png,1
face_4113.png,4
face_4115.png,4
face_4116.png,2
face_4117.png,4
face_4118.png,4
face_4119.png,2
face_4120.png,1
face_4121.png,4
face_4122.png,4
face_4123.png,4
face_4124.png,5
face_4125.png,1
face_4126.png,4
face_4127.png,4
face_4128.png,1
face_4129.png,2
face_4130.png,1
face_4131.png,1
face_4132.png,1
face_4133.png,2
face_4134.png,4
face_4135.png,2
face_4136.png,4
face_4138.png,1
face_4139.png,4
face_4140.png,4
face_4141.png,1
face_4142.png,5
face_4143.png,2
face_4144.png,4
face_4145.png,4
face_4147.png,1
face_4148.png,2
face_4149.png,4
face_4150.png,4
face_4151.png,4
face_4152.png,4
face_4155.png,1
face_4156.png,0
face_4158.png,1
face_4159.png,1
face_4160.png,4
face_4161.png,4
face_4162.png,1
face_4163.png,4
face_4164.png,4
face_4165.png,4
face_4166.png,1
face_4167.png,4
face_4168.png,4
face_4169.png,2
face_4170.png,4
face_4171.png,2
face_4172.png,4
face_4173.png,1
face_4174.png,1
face_4175.png,4
face_4176.png,5
face_4177.png,1
face_4179.png,5
face_4180.png,4
face_4181.png,4
face_4182.png,1
face_4184.png,1
face_4186.png,4
face_4187.png,1
face_4188.png,2
face_4189.png,4
face_4190.png,4
face_4192.png,4
face_4193.png,5
face_4195.png,4
face_4197.png,4
face_4198.png,4
face_4199.png,4
face_4200.png,1
face_4201.png,4
face_4202.png,4
face_4203.png,4
face_4205.png,1
face_4206.png,4
face_4207.png,4
face_4208.png,4
face_4210.png,1
face_4212.png,1
face_4213.png,2
face_4214.png,4
face_4215.png,0
face_4216.png,1
face_4217.png,1
face_4218.png,2
face_4219.png,4
face_4220.png,4
face_4221.png,1
face_4222.png,2
face_4223.png,4
face_4224.png,4
face_4225.png,4
face_4227.png,1
face_4229.png,2
face_4230.png,2
face_4231.png,1
face_4233.png,5
face_4234.png,5
face_4235.png,4
face_4236.png,4
face_4237.png,2
face_4238.png,4
face_4241.png,1
face_4242.png,4
face_4243.png,4
face_4244.png,1
face_4245.png,4
face_4246.png,4
face_4248.png,1
face_4249.png,4
face_4250.png,4
face_4251.png,1
face_4252.png,1
face_4253.png,2
face_4254.png,4
face_4255.png,4
face_4256.png,2
face_4257.png,4
face_4258.png,4
face_4259.png,4
face_4260.png,2
face_4261.png,4
face_4262.png,1
face_4263.png,2
face_4264.png,4
face_4265.png,4
face_4266.png,1
face_4267.png,4
face_4268.png,2
face_4269.png,5
face_4270.png,4
face_4272.png,1
face_4273.png,1
face_4274.png,2
face_4275.png,5
face_4276.png,2
face_4277.png,1
face_4278.png,4
face_4279.png,4
face_4280.png,4
face_4281.png,1
face_4282.png,2
face_4283.png,1
face_4284.png,1
face_4285.png,2
face_4286.png,4
face_4287.png,2
face_4288.png,4
face_4289.png,4
face_4290.png,4
face_4291.png,2
face_4292.png,1
face_4293.png,1
face_4294.png,4
face_4295.png,1
face_4296.png,4
face_4297.png,1
face_4298.png,4
face_4299.png,1
face_4300.png,1
face_4302.png,1
face_4303.png,4
face_4304.png,1
face_4305.png,4
face_4306.png,2
face_4307.png,2
face_4308.png,4
face_4309.png,4
face_4310.png,4
face_4311.png,2
face_4312.png,2
face_4313.png,4
face_4314.png,4
face_4315.png,5
face_4316.png,5
face_4317.png,1
face_4318.png,5
face_4319.png,4
face_4320.png,4
face_4322.png,4
face_4323.png,4
face_4324.png,4
face_4325.png,4
face_4326.png,4
face_4327.png,4
face_4328.png,2
face_4329.png,1
face_4330.png,4
face_4331.png,1
face_4333.png,4
face_4334.png,2
face_4335.png,2
face_4336.png,5
face_4337.png,1
face_4338.png,5
face_4339.png,4
face_4341.png,4
face_4342.png,4
face_4343.png,4
face_4344.png,0
face_4345.png,1
face_4346.png,1
face_4347.png,5
face_4348.png,4
face_4349.png,1
face_4350.png,4
face_4351.png,0
face_4352.png,1
face_4353.png,1
face_4354.png,4
face_4355.png,4
face_4356.png,4
face_4358.png,1
face_4359.png,4
face_4360.png,4
face_4361.png,4
face_4362.png,5
face_4363.png,4
face_4364.png,1
face_4365.png,4
face_4368.png,1
face_4369.png,5
face_4370.png,1
face_4371.png,5
face_4372.png,4
face_4373.png,1
face_4374.png,2
face_4375.png,5
face_4376.png,5
face_4377.png,2
face_4378.png,4
face_4380.png,1
face_4381.png,1
face_4382.png,1
face_4383.png,4
face_4384.png,4
face_4385.png,1
face_4386.png,4
face_4388.png,4
face_4389.png,4
face_4390.png,1
face_4391.png,4
face_4392.png,1
face_4393.png,4
face_4394.png,4
face_4395.png,4
face_4396.png,1
face_4397.png,4
face_4398.png,4
face_4399.png,4
face_4401.png,2
face_4402.png,4
face_4403.png,4
face_4404.png,1
face_4405.png,4
face_4406.png,4
face_4410.png,1
face_4411.png,1
face_4412.png,4
face_4413.png,4
face_4414.png,4
face_4415.png,4
face_4416.png,4
face_4419.png,4
face_4420.png,2
face_4422.png,5
face_4423.png,1
face_4424.png,1
face_4425.png,2
face_4426.png,4
face_4427.png,4
face_4428.png,1
face_4429.png,4
face_4430.png,4
face_4431.png,1
face_4432.png,1
face_4433.png,1
face_4434.png,1
face_4435.png,4
face_4437.png,1
face_4438.png,2
face_4439.png,4
face_4440.png,0
face_4441.png,4
face_4442.png,4
face_4443.png,4
face_4444.png,5
face_4445.png,1
face_4447.png,1
face_4449.png,4
face_4450.png,4
face_4451.png,4
face_4452.png,4
face_4453.png,4
face_4454.png,2
face_4455.png,1
face_4456.png,1
face_4457.png,4
face_4458.png,4
face_4459.png,4
face_4462.png,1
face_4463.png,1
face_4464.png,4
face_4465.png,4
face_4466.png,4
face_4467.png,4
face_4468.png,5
face_4469.png,2
face_4471.png,4
face_4472.png,4
face_4473.png,5
face_4475.png,4
face_4476.png,4
face_4477.png,4
face_4478.png,5
face_4479.png,1
face_4480.png,5
face_4481.png,2
face_4482.png,4
face_4483.png,4
face_4484.png,1
face_4485.png,1
face_4486.png,4
face_4487.png,1
face_4488.png,4
face_4489.png,4
face_4490.png,4
face_4491.png,4
face_4492.png,2
face_4493.png,4
face_4494.png,4
face_4495.png,4
face_4496.png,2
face_4497.png,0
face_4499.png,4
face_4501.png,5
face_4502.png,1
face_4503.png,4
face_4504.png,1
face_4505.png,0
face_4506.png,1
face_4508.png,4
face_4509.png,1
face_4510.png,4
face_4511.png,4
face_4512.png,1
face_4513.png,2
face_4514.png,1
face_4515.png,2
face_4516.png,0
face_4517.png,4
face_4520.png,4
face_4521.png,1
face_4522.png,4
face_4523.png,4
face_4524.png,4
face_4525.png,2
face_4526.png,4
face_4527.png,4
face_4528.png,4
face_4529.png,2
face_4530.png,4
face_4531.png,1
face_4532.png,4
face_4533.png,4
face_4534.png,2
face_4535.png,1
face_4536.png,0
face_4537.png,4
face_4538.png,4
face_4539.png,2
face_4540.png,1
face_4541.png,4
face_4542.png,2
face_4543.png,4
face_4544.png,2
face_4545.png,4
face_4547.png,4
face_4548.png,5
face_4549.png,1
face_4550.png,5
face_4551.png,2
face_4552.png,4
face_4553.png,1
face_4554.png,4
face_4555.png,5
face_4557.png,1
face_4558.png,1
face_4559.png,2
face_4560.png,1
face_4561.png,1
face_4562.png,4
face_4564.png,4
face_4565.png,4
face_4566.png,4
face_4567.png,4
face_4568.png,4
face_4569.png,0
face_4570.png,4
face_4571.png,4
face_4572.png,4
face_4573.png,4
face_4574.png,4
face_4575.png,4
face_4576.png,5
face_4577.png,1
face_4578.png,4
face_4579.png,4
face_4580.png,1
face_4581.png,1
face_4582.png,5
face_4583.png,4
face_4584.png,4
face_4585.png,4
face_4586.png,2
face_4587.png,1
face_4588.png,4
face_4590.png,5
face_4592.png,4
face_4593.png,4
face_4594.png,4
face_4595.png,2
face_4597.png,4
face_4598.png,0
face_4599.png,1
face_4601.png,2
face_4602.png,2
face_4603.png,4
face_4604.png,4
face_4605.png,4
face_4606.png,0
face_4607.png,4
face_4608.png,1
face_4609.png,1
face_4610.png,1
face_4611.png,4
face_4612.png,4
face_4613.png,4
face_4614.png,4
face_4615.png,4
face_4616.png,1
face_4617.png,1
face_4618.png,4
face_4619.png,1
face_4620.png,1
face_4621.png,1
face_4622.png,0
face_4623.png,4
face_4624.png,4
face_4625.png,4
face_4626.png,4
face_4627.png,4
face_4628.png,0
face_4629.png,4
face_4630.png,5
face_4631.png,4
face_4632.png,1
face_4633.png,1
face_4634.png,4
face_4635.png,1
face_4636.png,1
face_4637.png,5
face_4638.png,4
face_4640.png,4
face_4641.png,1
face_4642.png,4
face_4643.png,1
face_4644.png,2
face_4645.png,2
face_4646.png,4
face_4648.png,1
face_4649.png,0
face_4650.png,4
face_4651.png,2
face_4652.png,4
face_4653.png,4
face_4654.png,1
face_4657.png,4
face_4658.png,4
face_4659.png,1
face_4660.png,1
face_4661.png,1
face_4662.png,1
face_4665.png,1
face_4666.png,2
face_4667.png,1
face_4668.png,2
face_4669.png,4
face_4670.png,4
face_4671.png,4
face_4673.png,1
face_4674.png,4
face_4675.png,1
face_4676.png,4
face_4677.png,4
face_4678.png,5
face_4679.png,4
face_4680.png,5
face_4681.png,4
face_4682.png,4
face_4683.png,1
face_4684.png,4
face_4685.png,4
face_4686.png,5
face_4687.png,1
face_4688.png,1
face_4690.png,1
face_4691.png,4
face_4692.png,4
face_4693.png,2
face_4694.png,2
face_4695.png,4
face_4696.png,4
face_4697.png,4
face_4698.png,1
face_4700.png,4
face_4701.png,5
face_4702.png,4
face_4703.png,1
face_4704.png,4
face_4705.png,0
face_4706.png,1
face_4707.png,5
face_4708.png,0
face_4709.png,1
face_4710.png,4
face_4712.png,4
face_4713.png,2
face_4714.png,4
face_4715.png,1
face_4716.png,0
face_4717.png,5
face_4718.png,1
face_4719.png,5
face_4720.png,1
face_4722.png,4
face_4723.png,0
face_4726.png,1
face_4727.png,4
face_4729.png,1
face_4730.png,1
face_4731.png,1
face_4733.png,2
face_4734.png,1
face_4735.png,0
face_4736.png,1
face_4737.png,4
face_4738.png,1
face_4739.png,4
face_4740.png,1
face_4741.png,4
face_4742.png,4
face_4743.png,4
face_4744.png,4
face_4745.png,4
face_4746.png,4
face_4747.png,4
face_4748.png,1
face_4749.png,1
face_4750.png,4
face_4751.png,5
face_4752.png,4
face_4753.png,2
face_4754.png,4
face_4755.png,1
face_4756.png,4
face_4757.png,5
face_4758.png,2
face_4759.png,1
face_4760.png,4
face_4761.png,5
face_4762.png,1
face_4763.png,4
face_4764.png,4
face_4765.png,5
face_4766.png,4
face_4767.png,1
face_4768.png,1
face_4769.png,4
face_4770.png,2
face_4771.png,4
face_4772.png,2
face_4773.png,4
face_4774.png,4
face_4775.png,4
face_4776.png,2
face_4777.png,1
face_4778.png,4
face_4779.png,4
face_4780.png,5
face_4781.png,4
face_4782.png,1
face_4783.png,1
face_4784.png,1
face_4785.png,4
face_4786.png,5
face_4787.png,1
face_4788.png,4
face_4789.png,1
face_4790.png,4
face_4791.png,4
face_4792.png,4
face_4793.png,1
face_4794.png,4
face_4795.png,4
face_4796.png,4
face_4797.png,4
face_4798.png,4
face_4799.png,4
face_4800.png,2
face_4801.png,1
face_4802.png,4
face_4803.png,0
face_4804.png,1
face_4805.png,1
face_4806.png,2
face_4807.png,4
face_4809.png,5
face_4810.png,1
face_4812.png,4
face_4813.png,1
face_4814.png,2
face_4815.png,1
face_4816.png,1
face_4818.png,4
face_4819.png,1
face_4820.png,1
face_4821.png,1
face_4822.png,4
face_4823.png,5
face_4824.png,2
face_4825.png,4
face_4826.png,1
face_4827.png,4
face_4828.png,4
face_4829.png,1
face_4830.png,1
face_4831.png,2
face_4832.png,1
face_4833.png,1
face_4834.png,2
face_4835.png,5
face_4836.png,2
face_4837.png,1
face_4838.png,4
face_4839.png,5
face_4840.png,1
face_4841.png,1
face_4842.png,1
face_4843.png,1
face_4844.png,1
face_4845.png,4
face_4846.png,4
face_4847.png,5
face_4848.png,4
face_4849.png,2
face_4850.png,4
face_4851.png,1
face_4852.png,1
face_4853.png,1
face_4854.png,4
face_4855.png,1
face_4857.png,4
face_4858.png,4
face_4859.png,4
face_4860.png,1
face_4861.png,1
face_4862.png,1
face_4863.png,4
face_4864.png,4
face_4865.png,2
face_4866.png,4
face_4867.png,4
face_4868.png,4
face_4869.png,4
face_4870.png,1
face_4873.png,4
face_4875.png,4
face_4876.png,1
face_4877.png,4
face_4878.png,4
face_4879.png,4
face_4880.png,1
face_4881.png,1
face_4882.png,4
face_4883.png,4
face_4884.png,4
face_4886.png,1
face_4887.png,2
face_4889.png,4
face_4890.png,4
face_4891.png,1
face_4892.png,4
face_4893.png,1
face_4894.png,4
face_4895.png,1
face_4896.png,2
face_4897.png,5
face_4898.png,1
face_4899.png,4
face_4900.png,1
face_4901.png,4
face_4902.png,4
face_4903.png,4
face_4904.png,4
face_4905.png,1
face_4906.png,1
face_4907.png,2
face_4908.png,4
face_4909.png,4
face_4910.png,4
face_4911.png,4
face_4912.png,4
face_4913.png,2
face_4914.png,4
face_4915.png,4
face_4916.png,1
face_4917.png,1
face_4918.png,4
face_4919.png,1
face_4921.png,5
face_4922.png,2
face_4923.png,4
face_4924.png,4
face_4925.png,4
face_4926.png,4
face_4927.png,4
face_4928.png,2
face_4929.png,2
face_4930.png,1
face_4931.png,1
face_4932.png,5
face_4935.png,2
face_4936.png,4
face_4937.png,4
face_4938.png,1
face_4940.png,2
face_4941.png,2
face_4942.png,4
face_4943.png,4
face_4944.png,1
face_4945.png,1
face_4946.png,5
face_4947.png,5
face_4948.png,4
face_4949.png,4
face_4950.png,2
face_4951.png,0
face_4952.png,1
face_4953.png,4
face_4954.png,1
face_4955.png,1
face_4958.png,4
face_4959.png,1
face_4960.png,4
face_4961.png,4
face_4962.png,1
face_4963.png,4
face_4964.png,4
face_4965.png,2
face_4966.png,4
face_4967.png,4
face_4968.png,1
face_4969.png,4
face_4970.png,5
face_4971.png,4
face_4972.png,4
face_4973.png,4
face_4974.png,1
face_4975.png,4
face_4976.png,4
face_4977.png,1
face_4978.png,4
face_4979.png,1
face_4980.png,4
face_4981.png,4
face_4982.png,4
face_4983.png,1
face_4984.png,1
face_4985.png,2
face_4986.png,1
face_4987.png,4
face_4988.png,2
face_4989.png,1
face_4990.png,4
face_4991.png,1
face_4992.png,4
face_4993.png,1
face_4994.png,4
face_4995.png,1
face_4996.png,4
face_4998.png,1
face_4999.png,4
face_5000.png,4
face_5001.png,4
face_5002.png,1
face_5003.png,1
face_5004.png,1
face_5005.png,4
face_5006.png,0
face_5008.png,4
face_5009.png,1
face_5010.png,1
face_5011.png,4
face_5012.png,2
face_5013.png,4
face_5014.png,5
face_5015.png,1
face_5017.png,1
face_5018.png,4
face_5019.png,4
face_5020.png,4
face_5021.png,4
face_5023.png,1
face_5024.png,4
face_5025.png,4
face_5026.png,1
face_5027.png,5
face_5028.png,4
face_5029.png,2
face_5030.png,1
face_5032.png,4
face_5033.png,4
face_5035.png,4
face_5036.png,1
face_5037.png,1
face_5038.png,4
face_5039.png,1
face_5040.png,4
face_5041.png,4
face_5042.png,2
face_5043.png,4
face_5044.png,1
face_5045.png,1
face_5046.png,1
face_5048.png,5
face_5049.png,4
face_5050.png,2
face_5051.png,2
face_5052.png,1
face_5053.png,4
face_5054.png,2
face_5055.png,2
face_5056.png,2
face_5057.png,4
face_5058.png,1
face_5059.png,4
face_5060.png,2
face_5061.png,4
face_5062.png,4
face_5063.png,1
face_5064.png,4
face_5065.png,4
face_5066.png,4
face_5067.png,4
face_5068.png,1
face_5069.png,1
face_5071.png,2
face_5072.png,1
face_5073.png,4
face_5074.png,4
face_5075.png,1
face_5076.png,4
face_5077.png,4
face_5078.png,2
face_5080.png,1
face_5081.png,4
face_5082.png,4
face_5083.png,1
face_5084.png,1
face_5085.png,2
face_5086.png,4
face_5087.png,4
face_5088.png,1
face_5089.png,4
face_5090.png,4
face_5092.png,4
face_5093.png,4
face_5094.png,1
face_5095.png,4
face_5096.png,1
face_5097.png,5
face_5098.png,4
face_5099.png,1
face_5100.png,4
face_5101.png,2
face_5102.png,1
face_5103.png,4
face_5104.png,1
face_5105.png,4
face_5107.png,1
face_5108.png,2
face_5109.png,4
face_5110.png,2
face_5111.png,1
face_5112.png,4
face_5113.png,1
face_5114.png,5
face_5115.png,1
face_5116.png,5
face_5117.png,4
face_5119.png,4
face_5120.png,4
face_5121.png,4
face_5122.png,5
face_5124.png,2
face_5125.png,4
face_5126.png,2
face_5127.png,4
face_5128.png,1
face_5129.png,1
face_5130.png,0
face_5131.png,2
face_5132.png,1
face_5133.png,4
face_5134.png,2
face_5137.png,4
face_5138.png,4
face_5139.png,4
face_5140.png,4
face_5141.png,4
face_5142.png,1
face_5143.png,1
face_5144.png,2
face_5145.png,4
face_5146.png,1
face_5147.png,2
face_5148.png,1
face_5149.png,1
face_5150.png,4
face_5151.png,1
face_5152.png,4
face_5153.png,1
face_5155.png,2
face_5156.png,4
face_5157.png,1
face_5158.png,4
face_5159.png,5
face_5160.png,1
face_5161.png,1
face_5162.png,1
face_5163.png,1
face_5164.png,1
face_5165.png,4
face_5166.png,4
face_5167.png,1
face_5168.png,4
face_5169.png,1
face_5171.png,4
face_5172.png,2
face_5173.png,1
face_5174.png,1
face_5175.png,2
face_5176.png,2
face_5177.png,1
face_5178.png,1
face_5179.png,1
face_5180.png,1
face_5181.png,4
face_5182.png,1
face_5183.png,4
face_5184.png,1
face_5185.png,1
face_5186.png,5
face_5187.png,4
face_5188.png,5
face_5189.png,1
face_5190.png,4
face_5191.png,1
face_5192.png,4
face_5194.png,2
face_5195.png,1
face_5196.png,2
face_5197.png,4
face_5199.png,4
face_5200.png,4
face_5201.png,1
face_5202.png,1
face_5203.png,4
face_5204.png,2
face_5205.png,4
face_5206.png,4
face_5207.png,1
face_5208.png,4
face_5209.png,4
face_5210.png,5
face_5211.png,2
face_5212.png,4
face_5213.png,4
face_5214.png,1
face_5215.png,4
face_5216.png,4
face_5217.png,1
face_5219.png,4
face_5220.png,5
face_5221.png,4
face_5222.png,1
face_5223.png,5
face_5224.png,4
face_5225.png,4
face_5226.png,1
face_5227.png,2
face_5228.png,1
face_5229.png,2
face_5230.png,4
face_5231.png,4
face_5232.png,1
face_5233.png,4
face_5234.png,4
face_5235.png,4
face_5236.png,4
face_5237.png,5
face_5238.png,4
face_5239.png,4
face_5240.png,1
face_5241.png,1
face_5242.png,1
face_5243.png,4
face_5244.png,4
face_5245.png,4
face_5246.png,1
face_5247.png,4
face_5248.png,4
face_5249.png,4
face_5250.png,4
face_5251.png,1
face_5252.png,4
face_5253.png,4
face_5254.png,1
face_5255.png,2
face_5256.png,4
face_5257.png,1
face_5258.png,4
face_5259.png,4
face_5260.png,1
face_5261.png,4
face_5263.png,2
face_5264.png,4
face_5265.png,1
face_5266.png,2
face_5267.png,4
face_5268.png,1
face_5269.png,1
face_5270.png,4
face_5271.png,4
face_5272.png,1
face_5273.png,4
face_5274.png,1
face_5275.png,4
face_5276.png,1
face_5277.png,1
face_5278.png,1
face_5279.png,1
face_5280.png,2
face_5281.png,1
face_5282.png,4
face_5283.png,4
face_5284.png,1
face_5285.png,2
face_5286.png,2
face_5287.png,2
face_5288.png,4
face_5289.png,5
face_5290.png,1
face_5291.png,1
face_5292.png,1
face_5293.png,1
face_5294.png,1
face_5295.png,1
face_5296.png,4
face_5297.png,1
face_5298.png,1
face_5299.png,4
face_5300.png,1
face_5301.png,4
face_5302.png,1
face_5303.png,1
face_5304.png,1
face_5305.png,2
face_5306.png,4
face_5307.png,5
face_5308.png,1
face_5309.png,0
face_5310.png,4
face_5311.png,1
face_5312.png,5
face_5313.png,4
face_5314.png,1
face_5315.png,4
face_5316.png,1
face_5317.png,1
face_5318.png,4
face_5319.png,4
face_5320.png,4
face_5321.png,4
face_5322.png,1
face_5323.png,5
face_5324.png,1
face_5325.png,1
face_5326.png,1
face_5327.png,5
face_5328.png,1
face_5329.png,1
face_5330.png,4
face_5331.png,4
face_5332.png,4
face_5333.png,4
face_5334.png,2
face_5335.png,2
face_5336.png,4
face_5337.png,1
face_5338.png,1
face_5340.png,1
face_5341.png,4
face_5342.png,1
face_5343.png,4
face_5344.png,4
face_5345.png,4
face_5346.png,2
face_5347.png,2
face_5348.png,4
face_5349.png,4
face_5350.png,4
face_5351.png,1
face_5352.png,1
face_5353.png,4
face_5354.png,4
face_5355.png,5
face_5356.png,2
face_5357.png,4
face_5358.png,1
face_5359.png,5
face_5360.png,1
face_5361.png,4
face_5362.png,4
face_5363.png,4
face_5364.png,5
face_5365.png,4
face_5366.png,4
face_5367.png,1
face_5368.png,4
face_5369.png,4
face_5370.png,2
face_5371.png,4
face_5372.png,2
face_5373.png,5
face_5374.png,1
face_5375.png,4
face_5376.png,4
face_5377.png,4
face_5378.png,2
face_5379.png,5
face_5380.png,1
face_5381.png,4
face_5382.png,1
face_5384.png,4
face_5385.png,1
face_5386.png,2
face_5387.png,2
face_5388.png,1
face_5390.png,2
face_5391.png,4
face_5392.png,1
face_5393.png,4
face_5394.png,4
face_5395.png,5
face_5396.png,2
face_5397.png,4
face_5398.png,4
face_5399.png,4
face_5400.png,1
face_5401.png,4
face_5402.png,4
face_5403.png,2
face_5404.png,1
face_5405.png,2
face_5406.png,4
face_5407.png,4
face_5408.png,4
face_5409.png,1
face_5410.png,4
face_5411.png,2
face_5412.png,4
face_5413.png,1
face_5414.png,4
face_5415.png,1
face_5416.png,2
face_5417.png,4
face_5418.png,0
face_5419.png,4
face_5420.png,1
face_5421.png,4
face_5422.png,4
face_5423.png,4
face_5424.png,4
face_5425.png,2
face_5426.png,4
face_5427.png,4
face_5428.png,4
face_5429.png,4
face_5430.png,2
face_5431.png,1
face_5432.png,2
face_5433.png,4
face_5434.png,4
face_5436.png,4
face_5437.png,4
face_5438.png,5
face_5439.png,4
face_5440.png,1
face_5441.png,4
face_5442.png,5
face_5443.png,1
face_5444.png,4
face_5446.png,4
face_5447.png,1
face_5448.png,2
face_5449.png,2
face_5451.png,1
face_5452.png,1
face_5453.png,1
face_5454.png,1
face_5455.png,1
face_5456.png,1
face_5457.png,4
face_5458.png,4
face_5459.png,2
face_5460.png,5
face_5461.png,4
face_5462.png,2
face_5463.png,4
face_5464.png,1
face_5465.png,4
face_5467.png,2
face_5468.png,4
face_5469.png,4
face_5470.png,1
face_5471.png,4
face_5472.png,4
face_5473.png,4
face_5474.png,4
face_5475.png,5
face_5476.png,2
face_5477.png,4
face_5478.png,2
face_5479.png,4
face_5480.png,2
face_5482.png,4
face_5483.png,4
face_5484.png,1
face_5485.png,4
face_5486.png,1
face_5487.png,5
face_5488.png,4
face_5489.png,2
face_5490.png,4
face_5491.png,0
face_5492.png,1
face_5493.png,4
face_5494.png,1
face_5496.png,4
face_5497.png,4
face_5498.png,1
face_5499.png,1
face_5500.png,1
face_5501.png,4
face_5502.png,1
face_5503.png,1
face_5504.png,4
face_5505.png,5
face_5506.png,4
face_5507.png,4
face_5509.png,4
face_5510.png,1
face_5511.png,4
face_5512.png,1
face_5513.png,4
face_5514.png,4
face_5515.png,5
face_5516.png,4
face_5517.png,4
face_5518.png,4
face_5519.png,4
face_5520.png,4
face_5521.png,4
face_5522.png,4
face_5523.png,2
face_5524.png,2
face_5525.png,4
face_5526.png,4
face_5527.png,4
face_5528.png,2
face_5529.png,4
face_5530.png,1
face_5531.png,1
face_5532.png,4
face_5533.png,1
face_5534.png,2
face_5535.png,1
face_5536.png,4
face_5537.png,4
face_5538.png,1
face_5539.png,4
face_5540.png,2
face_5541.png,4
face_5542.png,4
face_5543.png,1
face_5544.png,5
face_5545.png,1
face_5546.png,2
face_5547.png,5
face_5548.png,1
face_5549.png,5
face_5551.png,4
face_5552.png,4
face_5553.png,5
face_5554.png,4
face_5555.png,1
face_5556.png,4
face_5557.png,4
face_5558.png,2
face_5559.png,4
face_5560.png,1
face_5561.png,4
face_5562.png,5
face_5563.png,4
face_5564.png,4
face_5565.png,2
face_5566.png,4
face_5567.png,1
face_5568.png,4
face_5570.png,1
face_5572.png,0
face_5573.png,2
face_5574.png,1
face_5575.png,1
face_5576.png,1
face_5577.png,4
face_5578.png,4
face_5579.png,1
face_5580.png,2
face_5581.png,1
face_5582.png,2
face_5583.png,2
face_5584.png,4
face_5585.png,1
face_5586.png,4
face_5588.png,4
face_5589.png,4
face_5590.png,4
face_5591.png,4
face_5592.png,4
face_5593.png,1
face_5594.png,4
face_5595.png,1
face_5596.png,1
face_5597.png,1
face_5598.png,1
face_5599.png,1
face_5600.png,4
face_5601.png,1
face_5602.png,4
face_5603.png,4
face_5604.png,1
face_5605.png,1
face_5606.png,4
face_5607.png,4
face_5608.png,1
face_5609.png,0
face_5610.png,4
face_5611.png,4
face_5612.png,1
face_5613.png,4
face_5614.png,1
face_5615.png,1
face_5616.png,1
face_5617.png,1
face_5618.png,4
face_5619.png,1
face_5620.png,1
face_5621.png,2
face_5623.png,0
face_5624.png,1
face_5625.png,4
face_5626.png,4
face_5627.png,4
face_5628.png,5
face_5629.png,4
face_5631.png,1
face_5632.png,4
face_5633.png,1
face_5634.png,4
face_5635.png,4
face_5636.png,4
face_5637.png,1
face_5638.png,4
face_5639.png,1
face_5640.png,2
face_5641.png,1
face_5642.png,2
face_5643.png,1
face_5644.png,4
face_5645.png,1
face_5646.png,1
face_5647.png,4
face_5648.png,4
face_5649.png,1
face_5650.png,1
face_5651.png,5
face_5652.png,4
face_5653.png,2
face_5654.png,2
face_5655.png,4
face_5656.png,4
face_5657.png,1
face_5658.png,1
face_5659.png,1
face_5660.png,4
face_5661.png,2
face_5662.png,1
face_5663.png,4
face_5664.png,1
face_5665.png,4
face_5666.png,5
face_5667.png,4
face_5668.png,1
face_5669.png,2
face_5670.png,2
face_5671.png,4
face_5672.png,2
face_5673.png,4
face_5674.png,1
face_5675.png,5
face_5676.png,4
face_5677.png,4
face_5679.png,4
face_5680.png,4
face_5681.png,4
face_5682.png,4
face_5684.png,1
face_5685.png,4
face_5686.png,4
face_5687.png,5
face_5689.png,4
face_5691.png,5
face_5692.png,4
face_5693.png,1
face_5694.png,4
face_5695.png,5
face_5696.png,4
face_5697.png,4
face_5698.png,1
face_5699.png,2
face_5700.png,1
face_5701.png,4
face_5702.png,2
face_5703.png,4
face_5705.png,1
face_5706.png,1
face_5707.png,1
face_5708.png,4
face_5709.png,1
face_5710.png,4
face_5711.png,5
face_5712.png,1
face_5713.png,4
face_5714.png,4
face_5715.png,2
face_5716.png,5
face_5717.png,5
face_5718.png,1
face_5719.png,5
face_5720.png,1
face_5721.png,4
face_5722.png,1
face_5723.png,5
face_5724.png,5
face_5725.png,1
face_5726.png,1
face_5727.png,4
face_5729.png,5
face_5730.png,4
face_5731.png,4
face_5732.png,1
face_5733.png,4
face_5734.png,5
face_5735.png,4
face_5736.png,4
face_5737.png,1
face_5738.png,4
face_5739.png,2
face_5740.png,4
face_5741.png,5
face_5742.png,4
face_5743.png,4
face_5744.png,1
face_5745.png,1
face_5746.png,4
face_5747.png,4
face_5748.png,4
face_5749.png,4
face_5750.png,1
face_5751.png,4
face_5752.png,4
face_5753.png,1
face_5754.png,4
face_5755.png,2
face_5756.png,4
face_5757.png,1
face_5759.png,4
face_5760.png,1
face_5761.png,1
face_5762.png,2
face_5763.png,4
face_5764.png,4
face_5766.png,4
face_5767.png,1
face_5768.png,4
face_5769.png,1
face_5770.png,4
face_5771.png,4
face_5772.png,1
face_5773.png,1
face_5774.png,2
face_5775.png,4
face_5776.png,4
face_5777.png,4
face_5778.png,2
face_5779.png,5
face_5780.png,4
face_5781.png,4
face_5782.png,1
face_5783.png,1
face_5784.png,4
face_5785.png,1
face_5786.png,2
face_5787.png,5
face_5788.png,4
face_5789.png,1
face_5790.png,4
face_5791.png,1
face_5792.png,2
face_5793.png,1
face_5794.png,1
face_5795.png,1
face_5796.png,5
face_5797.png,1
face_5800.png,4
face_5801.png,2
face_5803.png,4
face_5804.png,1
face_5805.png,4
face_5806.png,1
face_5807.png,5
face_5808.png,2
face_5809.png,1
face_5810.png,4
face_5811.png,1
face_5812.png,1
face_5813.png,4
face_5814.png,4
face_5815.png,2
face_5816.png,1
face_5817.png,4
face_5818.png,1
face_5819.png,5
face_5820.png,1
face_5821.png,4
face_5822.png,1
face_5823.png,4
face_5824.png,4
face_5825.png,1
face_5826.png,2
face_5827.png,4
face_5828.png,4
face_5830.png,4
face_5831.png,5
face_5832.png,4
face_5833.png,1
face_5834.png,4
face_5835.png,5
face_5836.png,5
face_5837.png,4
face_5838.png,4
face_5839.png,1
face_5840.png,4
face_5841.png,4
face_5842.png,4
face_5843.png,2
face_5844.png,4
face_5845.png,1
face_5846.png,1
face_5847.png,2
face_5848.png,2
face_5849.png,2
face_5850.png,1
face_5851.png,2
face_5852.png,2
face_5853.png,1
face_5854.png,1
face_5856.png,4
face_5857.png,4
face_5858.png,1
face_5859.png,4
face_5860.png,4
face_5861.png,1
face_5862.png,5
face_5863.png,4
face_5864.png,4
face_5865.png,4
face_5866.png,4
face_5867.png,4
face_5868.png,4
face_5869.png,4
face_5870.png,1
face_5871.png,2
face_5873.png,1
face_5874.png,4
face_5875.png,5
face_5876.png,4
face_5877.png,1
face_5878.png,1
face_5880.png,4
face_5881.png,1
face_5882.png,4
face_5884.png,4
face_5887.png,2
face_5888.png,4
face_5889.png,1
face_5890.png,1
face_5891.png,2
face_5892.png,2
face_5893.png,4
face_5894.png,1
face_5895.png,1
face_5896.png,2
face_5897.png,2
face_5898.png,1
face_5899.png,1
face_5900.png,4
face_5902.png,1
face_5903.png,1
face_5904.png,1
face_5907.png,4
face_5908.png,4
face_5909.png,1
face_5910.png,1
face_5911.png,2
face_5912.png,2
face_5913.png,1
face_5915.png,4
face_5916.png,4
face_5917.png,1
face_5918.png,4
face_5919.png,4
face_5920.png,2
face_5921.png,1
face_5922.png,2
face_5923.png,4
face_5924.png,1
face_5925.png,4
face_5926.png,4
face_5927.png,4
face_5928.png,4
face_5929.png,1
face_5930.png,1
face_5931.png,4
face_5932.png,1
face_5933.png,4
face_5934.png,1
face_5935.png,1
face_5936.png,0
face_5937.png,1
face_5938.png,2
face_5939.png,1
face_5940.png,4
face_5941.png,1
face_5942.png,4
face_5943.png,4
face_5944.png,2
face_5945.png,4
face_5946.png,1
face_5948.png,1
face_5950.png,1
face_5951.png,4
face_5952.png,1
face_5953.png,2
face_5954.png,1
face_5955.png,5
face_5956.png,4
face_5957.png,4
face_5958.png,5
face_5959.png,5
face_5960.png,1
face_5961.png,4
face_5962.png,2
face_5963.png,4
face_5964.png,4
face_5965.png,1
face_5966.png,1
face_5967.png,2
face_5968.png,4
face_5969.png,1
face_5970.png,1
face_5971.png,1
face_5972.png,1
face_5973.png,4
face_5974.png,1
face_5975.png,0
face_5976.png,4
face_5977.png,2
face_5978.png,5
face_5979.png,5
face_5980.png,1
face_5981.png,4
face_5982.png,2
face_5983.png,2
face_5984.png,4
face_5985.png,4
face_5986.png,1
face_5987.png,4
face_5988.png,4
face_5989.png,4
face_5990.png,4
face_5991.png,4
face_5992.png,4
face_5993.png,4
face_5994.png,2
face_5995.png,1
face_5996.png,4
face_5997.png,1
face_5998.png,4
face_5999.png,4
face_6000.png,1
face_6001.png,1
face_6002.png,4
face_6003.png,0
face_6004.png,4
face_6005.png,4
face_6006.png,4
face_6007.png,4
face_6008.png,4
face_6009.png,5
face_6010.png,1
face_6011.png,1
face_6012.png,2
face_6013.png,2
face_6014.png,1
face_6015.png,4
face_6016.png,1
face_6017.png,4
face_6019.png,1
face_6020.png,4
face_6021.png,1
face_6022.png,4
face_6023.png,4
face_6024.png,4
face_6025.png,4
face_6026.png,4
face_6028.png,2
face_6029.png,1
face_6031.png,2
face_6032.png,1
face_6034.png,4
face_6035.png,4
face_6037.png,4
face_6038.png,4
face_6039.png,4
face_6040.png,1
face_6041.png,1
face_6042.png,1
face_6043.png,4
face_6044.png,4
face_6045.png,4
face_6046.png,0
face_6048.png,4
face_6049.png,4
face_6050.png,1
face_6051.png,5
face_6052.png,1
face_6053.png,4
face_6054.png,4
face_6055.png,1
face_6056.png,4
face_6057.png,1
face_6058.png,0
face_6059.png,1
face_6060.png,1
face_6061.png,1
face_6062.png,1
face_6063.png,4
face_6064.png,4
face_6065.png,4
face_6066.png,4
face_6067.png,2
face_6068.png,1
face_6069.png,1
face_6070.png,1
face_6071.png,2
face_6072.png,5
face_6073.png,4
face_6074.png,4
face_6075.png,4
face_6076.png,1
face_6077.png,4
face_6079.png,4
face_6080.png,1
face_6082.png,4
face_6083.png,4
face_6084.png,1
face_6085.png,1
face_6086.png,2
face_6087.png,5
face_6088.png,4
face_6089.png,4
face_6090.png,4
face_6091.png,4
face_6092.png,2
face_6094.png,4
face_6095.png,1
face_6096.png,1
face_6098.png,5
face_6099.png,2
face_6100.png,4
face_6101.png,5
face_6102.png,4
face_6103.png,4
face_6104.png,1
face_6105.png,4
face_6106.png,4
face_6107.png,4
face_6108.png,4
face_6109.png,1
face_6110.png,2
face_6111.png,4
face_6113.png,1
face_6115.png,5
face_6116.png,4
face_6117.png,5
face_6120.png,1
face_6121.png,4
face_6122.png,1
face_6123.png,1
face_6124.png,1
face_6125.png,2
face_6126.png,4
face_6127.png,4
face_6128.png,2
face_6129.png,4
